Year, Month,  Highest, MHHW, MHW, MSL, MTL, MLW, MLLW, DTL, GT, MN, DHQ, DLQ, HWI, LWI, Lowest, Inferred 
1938,6,1.177,,0.683,,-0.048,-0.783,,,,1.466,,,0.43,5.94,-1.109,0
1938,7,1.177,,0.702,-0.07,-0.03,-0.764,,,,1.466,,,0.54,5.94,-1.048,0
1938,8,1.116,,0.708,-0.051,-0.018,-0.74,,,,1.448,,,0.59,5.92,-1.109,0
1938,9,4.652,,,,,,,,,,,,,,-1.048,0
1938,11,1.208,,,,,,,,,,,,,,-1.109,0
1938,12,1.177,,0.589,-0.155,-0.115,-0.819,,,,1.408,,,0.5,6.04,-1.414,0
1939,1,1.238,,0.583,-0.188,-0.152,-0.883,,,,1.466,,,0.56,5.89,-1.566,0
1939,2,1.177,,0.604,-0.173,-0.134,-0.871,,,,1.475,,,0.42,5.82,-1.414,0
1939,3,1.208,,0.604,-0.161,-0.121,-0.85,,,,1.454,,,0.48,6.03,-1.597,0
1939,4,1.421,,0.674,-0.109,-0.067,-0.81,,,,1.484,,,0.5,5.96,-1.17,0
1939,5,1.086,,0.702,-0.088,-0.036,-0.771,,,,1.472,,,0.42,5.87,-1.109,0
1939,6,0.964,,0.714,-0.054,-0.012,-0.74,,,,1.454,,,0.48,5.89,-1.048,0
1939,7,0.781,,0.702,-0.048,-0.009,-0.719,,,,1.42,,,,,-0.865,5
1939,8,1.208,,0.723,-0.033,0.001,-0.725,,,,1.448,,,0.41,5.85,-1.139,0
1939,9,1.147,,0.711,-0.039,-0.018,-0.746,,,,1.457,,,0.41,6.01,-1.17,0
1939,10,1.208,,0.689,-0.082,-0.048,-0.783,,,,1.472,,,0.56,5.87,-1.2,0
1939,11,0.964,,0.631,-0.14,-0.094,-0.819,,,,1.451,,,0.47,5.86,-1.475,0
1939,12,1.086,,0.65,-0.143,-0.097,-0.847,,,,1.497,,,0.47,5.9,-1.688,0
1940,1,1.086,,0.592,-0.188,-0.137,-0.865,,,,1.457,,,0.32,5.94,-1.322,0
1940,2,1.147,,0.674,-0.103,-0.048,-0.774,,,,1.448,,,0.43,5.9,-1.292,0
1940,3,1.025,,0.607,-0.158,-0.103,-0.813,,,,1.42,,,0.35,5.88,-1.597,0
1940,4,1.269,,0.644,-0.121,-0.06,-0.768,,,,1.411,,,0.4,5.96,-1.17,0
1940,5,1.147,,0.695,-0.051,-0.009,-0.713,,,,1.408,,,0.53,5.92,-1.078,0
1940,6,1.086,,0.708,-0.048,0.001,-0.71,,,,1.417,,,0.56,5.9,-0.957,0
1940,7,0.933,,0.683,-0.07,-0.033,-0.749,,,,1.433,,,0.5,5.93,-1.048,0
1940,8,0.994,,0.671,-0.085,-0.048,-0.771,,,,1.442,,,0.48,5.95,-1.048,0
1940,9,1.116,,0.711,-0.067,-0.027,-0.764,,,,1.475,,,0.53,5.91,-1.078,0
1940,10,1.238,,0.732,-0.067,-0.018,-0.768,,,,1.5,,,0.48,5.83,-1.139,0
1940,11,1.329,,0.668,-0.124,-0.073,-0.813,,,,1.481,,,0.46,6,-1.292,0
1940,12,1.269,,0.653,-0.124,-0.085,-0.825,,,,1.478,,,0.43,5.84,-1.292,0
1941,1,1.055,,0.619,-0.143,-0.094,-0.807,,,,1.426,,,0.42,5.84,-1.2,0
1941,2,1.055,,0.589,-0.176,-0.124,-0.838,,,,1.426,,,0.47,5.86,-1.292,0
1941,3,1.055,,0.546,-0.195,-0.152,-0.85,,,,1.396,,,0.38,5.83,-1.322,0
1941,4,1.055,,0.625,-0.109,-0.07,-0.764,,,,1.39,,,0.39,5.92,-1.2,0
1941,5,1.269,,0.65,-0.094,-0.051,-0.755,,,,1.405,,,0.42,5.81,-1.048,0
1941,6,1.116,,0.692,-0.057,-0.021,-0.737,,,,1.43,,,0.48,5.9,-1.17,0
1941,7,1.116,,0.726,-0.042,-0.002,-0.734,,,,1.46,,,0.56,5.91,-0.957,0
1941,8,1.025,,0.717,-0.057,-0.009,-0.737,,,,1.454,,,0.4,5.83,-0.987,0
1941,9,1.116,,0.68,-0.07,-0.045,-0.771,,,,1.451,,,0.4,5.94,-1.109,0
1941,10,1.238,,0.686,-0.076,-0.042,-0.771,,,,1.457,,,0.38,6.02,-1.292,0
1941,11,1.116,,0.638,-0.118,-0.079,-0.795,,,,1.433,,,0.47,6.02,-1.261,0
1941,12,1.269,,0.613,-0.149,-0.118,-0.847,,,,1.46,,,0.49,5.98,-1.261,0
1942,1,1.36,,0.592,-0.167,-0.121,-0.832,,,,1.423,,,0.46,6.01,-1.383,0
1942,2,1.055,,0.589,-0.155,-0.112,-0.813,,,,1.402,,,0.35,5.92,-1.475,0
1942,3,1.787,,0.677,-0.088,-0.048,-0.774,,,,1.451,,,0.34,5.99,-1.109,0
1942,4,1.055,,0.662,-0.091,-0.054,-0.768,,,,1.43,,,0.42,5.94,-1.109,0
1942,5,1.116,,0.683,-0.094,-0.057,-0.798,,,,1.481,,,0.47,5.98,-1.231,0
1942,6,1.086,,0.729,-0.039,0.004,-0.722,,,,1.451,,,0.51,5.9,-1.139,0
1942,7,1.147,,0.729,-0.048,-0.006,-0.737,,,,1.466,,,0.53,6.05,-1.048,0
1942,8,1.055,,0.708,-0.051,-0.012,-0.734,,,,1.442,,,0.33,5.92,-1.078,0
1942,9,1.147,,0.726,-0.024,0.013,-0.704,,,,1.43,,,0.48,5.91,-1.048,0
1942,10,1.055,,0.692,-0.051,-0.018,-0.725,,,,1.417,,,0.41,5.85,-1.109,0
1942,11,1.329,,0.662,-0.088,-0.045,-0.755,,,,1.417,,,0.42,6.03,-1.139,0
1942,12,1.451,,0.607,-0.161,-0.121,-0.85,,,,1.457,,,,,-1.536,5
1943,1,0.994,,0.558,-0.195,-0.152,-0.862,,,,1.42,,,,,-1.505,5
1943,2,1.177,,0.598,-0.17,-0.14,-0.88,,,,1.478,,,0.53,5.94,-1.231,0
1943,3,1.512,,0.555,-0.195,-0.158,-0.871,,,,1.426,,,0.48,5.99,-1.353,0
1943,4,1.025,,0.61,-0.155,-0.121,-0.85,,,,1.46,,,0.42,6,-1.231,0
1943,5,1.025,,0.641,-0.127,-0.082,-0.804,,,,1.445,,,0.5,5.88,-1.17,0
1943,6,1.147,,0.692,-0.06,-0.015,-0.722,,,,1.414,,,0.58,5.97,-1.048,0
1943,7,1.147,,0.677,-0.063,-0.027,-0.731,,,,1.408,,,0.63,6.01,-1.048,0
1943,8,1.208,,0.708,-0.027,0.01,-0.688,,,,1.396,,,0.62,5.96,-1.048,0
1943,9,1.177,,0.665,-0.079,-0.042,-0.752,,,,1.417,,,0.53,5.98,-1.139,0
1943,10,1.116,,0.717,-0.018,0.01,-0.697,,,,1.414,,,0.59,5.97,-1.078,0
1943,11,1.177,,0.677,-0.088,-0.036,-0.749,,,,1.426,,,0.48,6.02,-1.109,7
1943,12,1.116,,0.531,-0.234,-0.195,-0.92,,,,1.451,,,0.43,5.88,-1.658,0
1944,1,0.994,,0.552,-0.204,-0.158,-0.871,,,,1.423,,,0.48,5.8,-1.292,0
1944,2,1.36,,0.58,-0.201,-0.158,-0.899,,,,1.478,,,0.52,5.99,-1.261,0
1944,3,1.208,,0.549,-0.188,-0.158,-0.862,,,,1.411,,,0.46,5.88,-1.261,0
1944,4,1.025,,0.619,-0.121,-0.079,-0.777,,,,1.396,,,0.44,5.84,-1.17,0
1944,5,1.025,,0.598,-0.121,-0.085,-0.764,,,,1.362,,,0.47,5.89,-1.017,0
1944,6,1.177,,0.699,-0.039,0.01,-0.679,,,,1.378,,,0.56,5.99,-1.017,0
1944,7,0.994,,0.695,-0.042,-0.006,-0.704,,,,1.399,,,0.54,5.9,-0.926,0
1944,8,1.116,,0.683,-0.06,-0.027,-0.737,,,,1.42,,,0.56,5.9,-0.957,0
1944,9,2.579,,0.72,-0.06,-0.018,-0.752,,,,1.472,,,0.61,5.95,-1.17,0
1944,10,1.208,,0.714,-0.073,-0.024,-0.761,,,,1.475,,,0.49,5.95,-1.231,0
1944,11,1.726,,0.76,-0.002,0.049,-0.658,,,,1.417,,,0.57,6.1,-1.231,0
1944,12,1.421,,0.558,-0.188,-0.14,-0.841,,,,1.399,,,0.59,5.86,-1.536,0
1945,1,1.086,,0.528,-0.201,-0.152,-0.835,,,,1.362,,,0.54,5.86,-1.475,0
1945,2,1.147,,0.555,-0.182,-0.137,-0.829,,,,1.384,,,0.6,5.99,-1.231,0
1945,3,1.116,,0.628,-0.106,-0.063,-0.755,,,,1.384,,,0.62,5.93,-1.17,0
1945,4,1.116,,0.631,-0.097,-0.06,-0.755,,,,1.387,,,0.54,6.11,-1.17,0
1945,5,1.451,,0.72,-0.002,0.025,-0.667,,,,1.387,,,0.59,5.91,-1.719,0
1945,6,1.086,,0.711,-0.039,0.019,-0.67,,,,1.381,,,0.57,5.91,-1.017,0
1945,7,1.025,,0.726,-0.021,0.025,-0.676,,,,1.402,,,0.54,5.86,-0.865,0
1945,8,1.025,,0.683,-0.06,-0.024,-0.731,,,,1.414,,,0.53,6.03,-1.048,0
1945,9,1.147,,0.689,-0.054,-0.012,-0.71,,,,1.399,,,0.51,5.9,-1.231,0
1945,10,1.269,,0.717,-0.024,0.013,-0.694,,,,1.411,,,0.58,6.05,-1.231,0
1945,11,1.695,,0.714,-0.009,0.031,-0.652,,,,1.366,,,0.6,6.14,-1.231,0
1945,12,1.238,,0.695,-0.018,0.025,-0.646,,,,1.341,,,0.66,5.96,-1.17,0
1946,1,1.086,,0.58,-0.121,-0.091,-0.758,,,,1.338,,,0.56,5.99,-1.322,0
1946,2,1.055,,0.555,-0.155,-0.127,-0.813,,,,1.369,,,0.47,6.16,-1.444,0
1946,3,0.933,,0.616,-0.1,-0.063,-0.743,,,,1.359,,,0.54,5.93,-1.109,0
1946,4,1.269,,0.668,-0.063,-0.024,-0.719,,,,1.387,,,0.54,5.87,-1.109,0
1946,5,1.269,,0.686,-0.063,-0.021,-0.728,,,,1.414,,,0.31,5.86,-1.17,0
1946,6,1.116,,0.692,-0.045,-0.006,-0.7,,,,1.393,,,0.55,5.8,-1.017,0
1946,7,1.025,,0.692,-0.039,0.001,-0.688,,,,1.381,,,0.55,5.94,-0.957,0
1946,8,1.025,,0.686,-0.024,0.007,-0.67,,,,1.356,,,0.53,5.97,-0.926,0
1946,9,0.994,,0.662,-0.045,-0.018,-0.7,,,,1.362,,,0.57,5.97,-0.957,0
1946,10,1.177,,0.662,-0.048,-0.006,-0.67,,,,1.332,,,0.58,5.98,-0.896,0
1946,11,1.299,,0.644,-0.063,-0.03,-0.7,,,,1.344,,,0.58,6.07,-1.048,0
1946,12,1.147,,0.567,-0.149,-0.103,-0.777,,,,1.344,,,0.49,6.06,-1.353,0
1947,1,1.116,,0.601,-0.131,-0.094,-0.789,,,,1.39,,,0.42,6.03,-1.566,0
1947,2,1.299,,0.586,-0.134,-0.1,-0.786,,,,1.372,,,0.49,6.09,-1.353,0
1947,3,1.573,,0.656,-0.067,-0.021,-0.697,,,,1.353,,,0.43,6.09,-1.139,0
1947,4,1.025,,0.619,-0.097,-0.057,-0.731,,,,1.35,,,0.5,6.01,-1.048,0
1947,5,1.086,,0.665,-0.045,-0.012,-0.688,,,,1.353,,,0.47,5.95,-1.078,0
1947,6,1.147,,,,,,,,,,,,,,-0.926,0
1956,9,1.147,,0.76,0.001,0.034,-0.691,,,,1.451,,,0.47,6,-1.017,0
1956,10,1.147,,0.729,-0.03,0.007,-0.719,,,,1.448,,,0.48,5.94,-1.078,0
1956,11,1.147,,0.738,-0.039,0.007,-0.722,,,,1.46,,,0.49,5.94,-1.261,0
1956,12,1.086,,0.668,-0.094,-0.042,-0.755,,,,1.423,,,0.51,5.85,-1.536,0
1957,1,1.086,,0.537,-0.204,-0.176,-0.886,,,,1.423,,,0.55,5.89,-1.322,0
1957,2,1.269,,0.598,-0.131,-0.106,-0.81,,,,1.408,,,0.54,5.9,-1.292,0
1957,3,1.208,,0.692,-0.054,-0.006,-0.707,,,,1.399,,,0.39,5.9,-1.078,0
1957,4,1.086,,0.595,-0.137,-0.115,-0.829,,,,1.423,,,0.41,5.91,-1.261,0
1957,5,1.055,,0.677,-0.07,-0.03,-0.734,,,,1.411,,,0.42,5.79,-0.957,0
1957,6,1.238,,0.72,-0.036,0.007,-0.71,,,,1.43,,,0.49,5.86,-0.926,0
1957,7,1.086,,0.741,-0.021,0.019,-0.704,,,,1.445,,,0.45,5.89,-1.017,0
1957,8,1.269,,0.72,-0.048,-0.012,-0.746,,,,1.466,,,0.49,5.84,-1.231,0
1957,9,1.238,,0.705,-0.045,-0.012,-0.728,,,,1.433,,,0.47,5.86,-1.078,0
1957,10,1.238,,0.708,-0.033,0.007,-0.694,,,,1.402,,,0.4,5.88,-1.17,0
1957,11,1.238,,0.677,-0.063,-0.036,-0.749,,,,1.426,,,0.39,5.9,-1.109,0
1957,12,1.086,,0.616,-0.115,-0.076,-0.768,,,,1.384,,,0.36,5.95,-1.139,0
1958,1,1.238,,0.705,-0.027,0.016,-0.673,,,,1.378,,,0.45,5.99,-1.17,0
1958,2,1.238,,0.671,-0.079,-0.045,-0.758,,,,1.43,,,0.46,5.61,-1.139,0
1958,3,1.269,,0.811,0.058,0.107,-0.6,,,,1.411,,,0.56,6,-1.17,0
1958,4,1.543,,0.784,0.022,0.071,-0.646,,,,1.43,,,0.46,5.96,-0.896,0
1958,5,1.208,,0.726,-0.054,0.001,-0.725,,,,1.451,,,0.46,5.88,-1.17,0
1958,6,1.116,,0.75,-0.015,0.028,-0.691,,,,1.442,,,0.58,5.86,-0.957,0
1958,7,1.025,,0.75,-0.015,0.022,-0.707,,,,1.457,,,0.63,5.9,-0.896,0
1958,8,1.208,,0.744,0.007,0.028,-0.685,,,,1.43,,,0.61,5.84,-0.926,0
1958,9,1.208,,0.753,0.019,0.037,-0.679,,,,1.433,,,0.57,5.89,-1.139,0
1958,10,1.177,,0.778,0.049,0.071,-0.636,,,,1.414,,,0.5,5.92,-1.231,0
1958,11,1.421,,0.747,-0.021,0.004,-0.74,,,,1.487,,,0.43,5.9,-1.597,0
1958,12,1.208,,0.644,-0.127,-0.082,-0.81,,,,1.454,,,0.46,5.84,-1.353,0
1959,1,0.964,,0.598,-0.161,-0.121,-0.838,,,,1.436,,,0.45,5.9,-1.779,0
1959,2,0.964,,0.546,-0.207,-0.185,-0.917,,,,1.463,,,0.31,5.84,-1.627,0
1959,3,1.269,,0.635,-0.121,-0.091,-0.816,,,,1.451,,,0.4,5.84,-1.322,0
1959,4,1.238,,0.695,-0.07,-0.03,-0.752,,,,1.448,,,0.39,5.8,-1.048,0
1959,5,1.147,,0.628,-0.124,-0.091,-0.807,,,,1.436,,,0.41,5.79,-1.139,0
1959,6,1.177,,0.717,-0.024,0.007,-0.707,,,,1.423,,,0.52,5.85,-0.987,0
1959,7,1.116,,0.665,-0.063,-0.036,-0.734,,,,1.399,,,0.4,5.89,-0.987,0
1959,8,0.994,,0.717,0.004,0.025,-0.67,,,,1.387,,,0.46,5.93,-0.957,0
1959,9,1.025,,0.714,-0.027,-0.006,-0.722,,,,1.436,,,0.45,5.85,-0.957,0
1959,10,1.177,,0.76,0.004,0.034,-0.691,,,,1.451,,,0.33,5.87,-1.078,0
1959,11,1.238,,0.695,-0.067,-0.039,-0.774,,,,1.469,,,0.38,5.91,-1.261,0
1959,12,1.39,,0.711,-0.051,-0.024,-0.758,,,,1.469,,,0.44,5.89,-1.2,0
1960,1,1.512,,0.695,-0.085,-0.045,-0.786,,,,1.481,,,0.67,5.89,-1.231,0
1960,2,1.543,,0.692,-0.045,-0.015,-0.722,,,,1.414,,,0.48,5.99,-1.231,0
1960,3,1.025,,0.699,-0.048,-0.012,-0.722,,,,1.42,,,0.49,5.83,-1.414,0
1960,4,1.086,,0.714,-0.006,0.019,-0.676,,,,1.39,,,0.58,6.32,-1.048,0
1960,5,1.208,,0.76,0.031,0.068,-0.624,,,,1.384,,,0.5,5.74,-0.957,0
1960,6,1.299,,0.787,0.016,0.074,-0.636,,,,1.423,,,0.63,5.99,-0.987,0
1960,7,1.36,,0.763,0.01,0.055,-0.655,,,,1.417,,,0.64,6.16,-1.017,0
1960,8,1.238,,0.775,0.01,0.055,-0.664,,,,1.439,,,0.39,5.9,-1.048,0
1960,9,2.244,,0.784,0.004,0.049,-0.688,,,,1.472,,,0.58,5.94,-0.987,0
1960,10,1.36,,0.787,0.01,0.055,-0.676,,,,1.463,,,0.51,6.12,-0.987,0
1960,11,1.208,,0.699,-0.06,-0.015,-0.728,,,,1.426,,,0.46,5.93,-1.078,0
1960,12,1.421,,0.644,-0.134,-0.085,-0.816,,,,1.46,,,0.5,5.94,-1.2,0
1961,1,1.421,,0.607,-0.143,-0.103,-0.81,,,,1.417,,,0.38,5.93,-1.231,0
1961,2,1.238,,0.674,-0.06,-0.021,-0.716,,,,1.39,,,0.45,5.74,-1.139,0
1961,3,1.177,,0.714,-0.002,0.01,-0.694,,,,1.408,,,0.42,5.91,-1.109,0
1961,4,1.238,,0.778,0.037,0.071,-0.636,,,,1.414,,,0.41,5.83,-0.987,0
1961,5,1.025,,0.72,-0.03,0.007,-0.71,,,,1.43,,,0.58,5.97,-1.048,0
1961,6,1.116,,0.714,-0.015,0.001,-0.713,,,,1.426,,,0.69,5.98,-1.017,0
1961,7,1.208,,0.769,-0.018,0.025,-0.722,,,,1.49,,,0.49,5.89,-1.017,0
1961,8,1.147,,0.708,-0.048,-0.024,-0.752,,,,1.46,,,0.48,5.84,-1.078,0
1961,9,1.299,,0.723,-0.024,0.022,-0.679,,,,1.402,,,0.52,5.92,-0.926,0
1961,10,1.329,,0.747,0.004,0.055,-0.633,,,,1.381,,,0.57,5.91,-0.896,0
1961,11,1.116,,0.683,-0.054,-0.012,-0.707,,,,1.39,,,0.43,5.83,-1.17,0
1961,12,1.238,,0.625,-0.103,-0.063,-0.752,,,,1.378,,,0.53,5.85,-1.231,0
1962,2,1.208,,0.659,-0.097,-0.057,-0.774,,,,1.433,,,0.5,5.81,-1.17,0
1962,3,1.604,,0.732,-0.015,0.034,-0.664,,,,1.396,,,0.27,6.09,-1.17,0
1962,4,1.147,,0.665,-0.094,-0.06,-0.783,,,,1.448,,,0.38,5.86,-1.261,0
1962,5,1.208,,0.717,-0.051,-0.018,-0.749,,,,1.466,,,0.4,5.81,-1.017,0
1962,6,1.055,,0.717,-0.03,0.007,-0.707,,,,1.423,,,0.64,5.91,-1.048,0
1962,7,1.055,,0.738,-0.006,0.031,-0.676,,,,1.414,,,0.72,6.03,-0.896,0
1962,8,1.147,,0.729,-0.015,0.016,-0.697,,,,1.426,,,0.41,5.86,-1.048,0
1962,9,1.177,,0.695,-0.045,-0.012,-0.719,,,,1.414,,,0.34,5.86,-1.139,0
1962,10,1.269,,0.735,0.007,0.037,-0.664,,,,1.399,,,0.39,5.8,-1.109,0
1962,11,1.269,,0.702,-0.006,0.016,-0.67,,,,1.372,,,0.39,5.9,-1.017,0
1962,12,1.604,,0.662,-0.076,-0.045,-0.752,,,,1.414,,,0.32,5.7,-1.505,0
1963,1,1.36,,0.653,-0.134,-0.076,-0.801,,,,1.454,,,0.46,5.75,-1.444,0
1963,2,0.964,,0.543,-0.21,-0.173,-0.893,,,,1.436,,,0.4,6.05,-1.383,0
1963,3,1.269,,0.65,-0.1,-0.057,-0.768,,,,1.417,,,0.5,5.95,-1.139,0
1963,4,1.177,,0.65,-0.082,-0.042,-0.734,,,,1.384,,,0.58,5.97,-1.505,0
1963,5,1.086,,0.635,-0.091,-0.057,-0.752,,,,1.387,,,0.38,5.86,-1.261,0
1963,6,1.147,,0.686,-0.042,-0.009,-0.707,,,,1.393,,,0.55,5.95,-1.048,0
1963,7,1.147,,0.68,-0.021,-0.002,-0.685,,,,1.366,,,0.54,5.96,-0.896,0
1963,8,1.055,,0.677,-0.033,-0.009,-0.697,,,,1.375,,,0.63,5.96,-1.017,0
1963,9,1.238,,0.692,-0.042,-0.015,-0.719,,,,1.411,,,0.4,5.92,-0.987,0
1963,10,1.238,,0.692,-0.063,-0.036,-0.764,,,,1.457,,,0.36,5.84,-1.139,0
1963,11,2.213,,0.769,0.022,0.058,-0.655,,,,1.423,,,0.39,5.9,-1.231,0
1963,12,1.238,,0.638,-0.155,-0.094,-0.822,,,,1.46,,,0.46,5.9,-1.444,0
1964,1,1.269,,0.662,-0.1,-0.045,-0.752,,,,1.414,,,0.27,5.86,-1.231,0
1964,2,1.147,,0.586,-0.161,-0.112,-0.813,,,,1.399,,,0.36,6.07,-1.353,0
1964,3,1.177,,0.635,-0.1,-0.057,-0.752,,,,1.387,,,0.47,6,-1.261,0
1964,4,1.025,,0.522,-0.179,-0.155,-0.835,,,,1.356,,,0.55,5.91,-1.261,0
1964,5,1.177,,0.622,-0.088,-0.051,-0.722,,,,1.344,,,0.4,5.79,-1.048,0
1964,6,1.208,,0.653,-0.073,-0.027,-0.71,,,,1.362,,,0.53,5.97,-1.048,0
1964,7,1.177,,0.662,-0.051,-0.018,-0.697,,,,1.359,,,0.59,5.96,-0.957,0
1964,8,1.055,,0.699,-0.036,-0.002,-0.7,,,,1.399,,,0.58,6,-0.987,0
1964,9,1.116,,0.692,-0.045,-0.006,-0.704,,,,1.396,,,0.34,5.9,-0.987,0
1964,10,1.025,,0.708,-0.036,0.004,-0.704,,,,1.411,,,0.52,6.09,-1.078,0
1964,11,1.482,,0.689,-0.03,-0.015,-0.719,,,,1.408,,,0.42,5.93,-1.231,0
1964,12,1.147,,0.619,-0.124,-0.085,-0.789,,,,1.408,,,0.52,6.01,-1.292,0
1965,1,1.269,,0.604,-0.124,-0.082,-0.768,,,,1.372,,,0.46,5.94,-1.322,0
1965,2,1.269,,0.61,-0.118,-0.082,-0.774,,,,1.384,,,0.35,5.82,-1.261,0
1965,3,1.147,,0.601,-0.14,-0.103,-0.81,,,,1.411,,,0.38,5.99,-1.414,0
1965,4,1.147,,0.668,-0.045,-0.018,-0.7,,,,1.369,,,0.53,5.9,-1.078,0
1965,5,1.086,,0.68,-0.048,-0.021,-0.722,,,,1.402,,,0.53,5.97,-0.987,0
1965,6,,,0.705,-0.03,0.001,-0.704,,,,1.408,,,,,,5
1965,7,,,0.702,-0.036,-0.006,-0.713,,,,1.414,,,,,,5
1965,8,1.147,,0.674,-0.054,-0.03,-0.731,,,,1.405,,,0.58,5.92,,0
1965,9,1.147,,0.668,-0.048,-0.024,-0.716,,,,1.384,,,0.6,5.97,-1.017,0
1965,10,1.238,,0.668,-0.036,-0.012,-0.688,,,,1.356,,,0.66,5.96,-0.987,0
1965,11,1.147,,0.671,-0.048,-0.006,-0.685,,,,1.356,,,0.52,6.1,-1.017,0
1965,12,1.025,,0.613,-0.109,-0.076,-0.764,,,,1.378,,,0.56,5.92,-1.2,0
1966,1,1.634,,0.622,-0.088,-0.067,-0.758,,,,1.381,,,0.47,5.88,-1.566,0
1966,2,1.086,,0.613,-0.1,-0.079,-0.774,,,,1.387,,,0.52,5.8,-1.17,0
1966,3,1.177,,0.659,-0.079,-0.036,-0.731,,,,1.39,,,0.57,5.89,-1.17,0
1966,4,1.238,,0.635,-0.085,-0.048,-0.734,,,,1.369,,,0.48,5.96,-1.109,0
1966,5,1.116,,0.665,-0.073,-0.03,-0.722,,,,1.387,,,0.56,5.88,-1.139,0
1966,6,0.933,,0.662,-0.039,0.001,-0.658,,,,1.32,,,0.79,6.19,-0.926,0
1966,7,1.025,,0.729,0.019,0.049,-0.633,,,,1.362,,,0.98,6.24,-0.896,0
1966,8,1.116,,0.702,-0.009,0.025,-0.649,,,,1.35,,,0.81,6.09,-1.017,0
1966,9,,,0.732,0.019,0.049,-0.633,,,,1.366,,,,,,5
1966,10,1.147,,0.625,-0.088,-0.06,-0.749,,,,1.375,,,0.57,6.1,-1.2,0
1966,11,1.055,,0.647,-0.06,-0.024,-0.697,,,,1.344,,,0.51,5.77,-1.109,0
1966,12,1.726,,0.607,-0.115,-0.091,-0.789,,,,1.396,,,0.49,5.81,-1.414,0
1967,1,1.299,,0.589,-0.103,-0.085,-0.755,,,,1.344,,,0.38,5.96,-1.109,0
1967,3,1.299,,0.61,-0.118,-0.07,-0.749,,,,1.359,,,0.36,5.95,-1.261,0
1967,4,1.36,,0.665,-0.042,0.01,-0.643,,,,1.308,,,0.54,6.17,-1.2,0
1967,11,1.329,,0.686,-0.057,-0.015,-0.716,,,,1.402,,,0.45,6.04,-1.17,0
1967,12,1.36,,0.677,-0.051,-0.006,-0.688,,,,1.366,,,0.5,5.83,-1.048,0
1968,1,1.025,,0.54,-0.176,-0.124,-0.789,,,,1.329,,,0.49,6.08,-1.536,0
1968,2,0.903,,0.577,-0.121,-0.088,-0.755,,,,1.332,,,0.66,6.27,-1.353,0
1968,3,0.933,,0.571,-0.112,-0.088,-0.746,,,,1.317,,,0.86,6.14,-1.322,0
1968,4,1.086,,0.571,-0.106,-0.07,-0.71,,,,1.28,,,0.8,6.26,-1.078,0
1968,5,0.994,,0.613,-0.073,-0.033,-0.679,,,,1.292,,,0.86,6.15,-1.139,0
1968,6,1.177,,0.711,0.004,0.058,-0.597,,,,1.308,,,0.38,5.98,-0.926,0
1968,7,1.055,,0.689,-0.021,0.019,-0.655,,,,1.344,,,0.48,5.86,-0.896,0
1968,8,1.086,,0.686,-0.024,0.016,-0.658,,,,1.344,,,0.5,5.9,-0.896,0
1968,9,1.116,,0.668,-0.03,-0.002,-0.67,,,,1.338,,,0.35,5.95,-0.957,0
1968,10,1.269,,0.638,-0.057,-0.024,-0.685,,,,1.323,,,0.37,5.97,-1.109,0
1968,11,1.512,,0.717,-0.015,0.031,-0.658,,,,1.375,,,0.51,6.12,-1.261,0
1968,12,1.482,,0.555,-0.146,-0.1,-0.758,,,,1.314,,,0.55,5.98,-1.322,0
1969,1,1.055,,0.507,-0.167,-0.143,-0.795,,,,1.301,,,0.45,5.95,-1.292,0
1969,2,0.994,,0.598,-0.097,-0.063,-0.722,,,,1.32,,,0.35,5.95,-1.292,0
1969,3,0.994,,0.613,-0.063,-0.033,-0.682,,,,1.295,,,0.39,5.54,-1.078,0
1969,4,0.994,,0.628,-0.042,-0.015,-0.661,,,,1.289,,,0.48,5.84,-1.17,0
1969,5,1.147,,0.683,-0.03,0.01,-0.664,,,,1.347,,,0.6,5.95,-0.957,0
1969,6,1.208,,0.744,0.025,0.083,-0.582,,,,1.326,,,0.58,6.08,-0.896,0
1969,7,1.238,,0.766,0.022,0.077,-0.615,,,,1.381,,,0.39,5.74,-0.926,0
1969,8,1.208,,0.75,0.037,0.071,-0.606,,,,1.356,,,0.46,6.08,-0.987,0
1969,9,1.177,,0.72,0.019,0.058,-0.606,,,,1.326,,,0.51,5.88,-0.926,0
1969,10,1.086,,0.699,0.022,0.052,-0.597,,,,1.295,,,0.44,5.94,-1.017,0
1969,11,1.269,,0.732,0.04,0.086,-0.56,,,,1.292,,,0.38,5.86,-0.926,0
1969,12,1.421,,0.677,-0.009,0.046,-0.585,,,,1.262,,,0.38,6.09,-1.109,0
1970,1,1.177,,0.61,-0.079,-0.027,-0.664,,,,1.274,,,0.5,6.17,-1.139,0
1970,2,1.756,,0.644,-0.063,-0.021,-0.685,,,,1.329,,,0.39,6.05,-1.17,0
1970,3,1.329,,0.601,-0.091,-0.051,-0.707,,,,1.308,,,0.42,5.89,-1.2,0
1970,4,1.299,,0.686,-0.015,0.019,-0.649,,,,1.335,,,0.48,5.95,-1.2,0
1970,5,1.116,,0.662,-0.042,0.001,-0.658,,,,1.32,,,0.5,5.96,-0.926,0
1970,6,1.116,,0.708,0.01,0.049,-0.606,,,,1.314,,,0.52,5.9,-0.835,0
1970,7,1.116,,0.705,0.013,0.049,-0.606,,,,1.311,,,0.57,5.95,-1.017,0
1970,8,1.147,,0.723,0.025,0.062,-0.6,,,,1.323,,,0.49,5.86,-0.987,0
1970,9,1.177,,0.692,0.001,0.025,-0.643,,,,1.335,,,0.48,5.93,-1.078,0
1970,10,1.238,,0.702,0.004,0.037,-0.627,,,,1.329,,,0.41,5.87,-0.987,0
1970,11,1.482,,0.76,0.058,0.101,-0.557,,,,1.317,,,0.37,5.89,-0.774,0
1970,12,1.39,,0.723,-0.002,0.043,-0.636,,,,1.359,,,0.41,6.07,-1.048,0
1971,1,1.464,,0.674,-0.07,-0.012,-0.694,,,,1.366,,,0.38,5.88,-1.243,0
1971,2,1.384,,0.644,-0.063,-0.024,-0.688,,,,1.332,,,0.41,5.83,-1.081,0
1971,3,1.573,,0.692,-0.033,0.007,-0.676,,,,1.369,,,0.35,5.8,-1.136,0
1971,4,1.354,,0.686,-0.012,0.025,-0.636,,,,1.323,,,0.47,5.85,-1.124,0
1971,5,1.107,,0.705,0.022,0.068,-0.572,,,,1.277,,,0.56,5.88,-0.786,0
1971,6,1.04,,0.717,0.025,0.068,-0.585,,,,1.301,,,0.56,5.96,-0.768,0
1971,7,1.003,,0.674,0.001,0.031,-0.615,,,,1.289,,,0.72,6.07,-0.853,0
1971,8,1.067,,0.674,-0.006,0.025,-0.627,,,,1.301,,,0.49,5.92,-0.935,0
1971,9,,,0.665,-0.024,0.007,-0.652,,,,1.317,,,,,,6
1971,10,1.342,,0.775,0.055,0.092,-0.588,,,,1.362,,,0.45,5.88,-0.88,0
1971,11,1.36,,0.778,0.04,0.08,-0.618,,,,1.396,,,0.39,5.75,-1.048,0
1971,12,1.128,,0.647,-0.097,-0.036,-0.722,,,,1.369,,,0.4,6.09,-1.444,0
1972,1,1.08,,0.598,-0.109,-0.079,-0.758,,,,1.356,,,0.46,5.99,-1.554,0
1972,2,1.671,,0.613,-0.088,-0.057,-0.728,,,,1.341,,,0.51,6.06,-1.27,0
1972,3,1.336,,0.668,-0.021,0.019,-0.633,,,,1.301,,,0.42,5.97,-1.002,0
1972,4,1.381,,0.659,-0.036,0.001,-0.658,,,,1.317,,,0.49,5.89,-1.014,0
1972,5,1.247,,0.711,0.013,0.068,-0.579,,,,1.289,,,0.45,5.84,-1.03,0
1972,6,1.549,,0.799,0.083,0.141,-0.521,,,,1.32,,,0.55,5.94,-0.819,0
1972,7,1.07,,0.769,0.049,0.092,-0.582,,,,1.35,,,0.48,5.91,-0.914,0
1972,8,1.07,,0.735,0.022,0.055,-0.627,,,,1.362,,,0.43,5.8,-0.926,0
1972,9,1.116,,0.756,0.037,0.077,-0.603,,,,1.359,,,0.37,5.99,-1.033,0
1972,10,1.232,,0.714,0.004,0.043,-0.63,,,,1.344,,,0.4,5.96,-0.975,0
1972,11,1.768,,0.814,0.08,0.135,-0.545,,,,1.359,,,0.45,5.86,-0.996,0
1972,12,1.433,,0.726,0.013,0.068,-0.594,,,,1.32,,,0.52,5.96,-1.392,0
1973,1,1.171,,0.65,-0.036,-0.002,-0.655,,,,1.305,,,0.53,5.67,-1.264,0
1973,2,1.427,,0.662,-0.051,-0.002,-0.667,,,,1.329,,,0.42,5.9,-0.996,0
1973,3,1.586,,0.705,0.004,0.043,-0.615,,,,1.32,,,0.4,5.89,-1.033,0
1973,4,1.64,,0.729,0.022,0.068,-0.594,,,,1.323,,,0.57,5.88,-1.002,0
1973,5,1.18,,0.766,0.049,0.104,-0.557,,,,1.323,,,0.58,6.11,-0.935,0
1973,6,1.22,,0.744,0.007,0.062,-0.618,,,,1.362,,,0.49,5.86,-0.978,0
1973,7,1.168,,0.796,0.052,0.101,-0.594,,,,1.39,,,0.46,5.99,-0.917,0
1973,8,1.095,,0.778,0.046,0.089,-0.6,,,,1.378,,,0.48,5.96,-0.932,0
1973,9,1.144,,0.747,0.031,0.065,-0.618,,,,1.366,,,0.47,5.87,-0.889,0
1973,10,1.122,,0.72,0.007,0.049,-0.621,,,,1.341,,,0.45,5.85,-0.92,0
1973,11,1.04,,0.641,-0.085,-0.033,-0.707,,,,1.347,,,0.48,5.88,-1.069,0
1973,12,1.168,,0.65,-0.048,-0.024,-0.697,,,,1.347,,,0.4,5.86,-1.039,0
1974,1,1.189,,0.68,-0.048,0.001,-0.679,,,,1.359,,,0.45,5.96,-1.155,0
1974,2,1.351,,0.656,-0.07,-0.03,-0.719,,,,1.375,,,0.42,6.01,-1.283,0
1974,3,1.348,,0.635,-0.103,-0.054,-0.743,,,,1.378,,,0.32,5.86,-1.398,0
1974,4,1.104,,0.683,-0.054,-0.002,-0.688,,,,1.372,,,0.43,5.96,-1.118,0
1974,5,1.131,,0.738,-0.012,0.046,-0.649,,,,1.387,,,0.43,5.91,-0.938,0
1974,6,1.211,,0.747,0.013,0.068,-0.612,,,,1.359,,,0.45,5.88,-0.893,0
1974,7,1.104,,0.75,0.028,0.071,-0.609,,,,1.359,,,0.36,5.93,-0.954,0
1974,8,1.223,,0.692,-0.012,0.019,-0.658,,,,1.35,,,0.48,5.97,-0.947,0
1974,9,1.183,,0.741,0.01,0.052,-0.636,,,,1.378,,,,,-0.999,0
1974,10,1.101,,0.647,-0.088,-0.048,-0.746,,,,1.393,,,0.39,5.93,-1.149,0
1974,11,1.494,,0.702,-0.039,0.007,-0.688,,,,1.39,,,0.44,5.97,-1.158,0
1974,12,1.979,,0.726,-0.033,0.019,-0.685,,,,1.411,,,0.44,5.79,-1.258,0
1975,1,1.397,,0.65,-0.1,-0.06,-0.774,,,,1.423,,,0.47,5.94,-1.398,0
1975,2,1.195,,0.641,-0.094,-0.045,-0.731,,,,1.372,,,0.42,6.01,-1.252,0
1975,3,1.159,,0.671,-0.082,-0.03,-0.734,,,,1.405,,,0.45,5.92,-1.456,0
1975,4,1.479,,0.677,-0.07,-0.009,-0.694,,,,1.372,,,0.42,5.8,-1.024,0
1975,5,1.055,,0.699,-0.021,0.028,-0.643,,,,1.341,,,0.39,5.79,-0.838,0
1975,6,1.022,,0.738,0.007,0.058,-0.624,,,,1.362,,,0.51,5.81,-0.88,0
1975,7,1.098,,0.726,0.013,0.049,-0.627,,,,1.353,,,0.47,5.88,-0.85,0
1975,8,1.107,,0.72,0.001,0.043,-0.633,,,,1.353,,,0.4,5.79,-1.088,0
1975,9,1.217,,0.714,-0.027,0.013,-0.688,,,,1.402,,,0.41,5.81,-1.06,0
1975,10,1.22,,0.781,0.025,0.068,-0.646,,,,1.426,,,0.42,6.01,-1.298,0
1975,11,1.265,,0.799,0.031,0.086,-0.627,,,,1.426,,,0.45,5.82,-1.06,0
1975,12,1.339,,0.714,-0.054,-0.002,-0.722,,,,1.436,,,0.43,5.98,-1.258,0
1976,1,1.15,,0.653,-0.094,-0.048,-0.752,,,,1.405,,,0.48,5.9,-1.334,0
1976,2,1.534,,0.622,-0.106,-0.073,-0.768,,,,1.39,,,0.44,6.07,-1.609,0
1976,3,1.351,,0.659,-0.088,-0.048,-0.758,,,,1.417,,,0.51,5.96,-1.52,0
1976,4,1.159,,0.647,-0.079,-0.036,-0.719,,,,1.366,,,0.41,5.8,-1.225,0
1976,5,1.046,,0.659,-0.067,-0.03,-0.719,,,,1.378,,,0.45,5.83,-1.118,0
1976,6,1.192,,0.686,-0.051,-0.012,-0.707,,,,1.393,,,0.5,5.88,-0.932,0
1976,7,1.104,,0.756,0.004,0.049,-0.658,,,,1.414,,,0.47,5.82,-0.883,0
1976,8,1.156,,0.735,-0.015,0.031,-0.676,,,,1.411,,,0.4,5.89,-0.966,0
1976,9,1.205,,0.75,-0.002,0.043,-0.667,,,,1.417,,,0.35,5.78,-1.014,0
1976,10,1.427,,0.702,-0.048,-0.012,-0.722,,,,1.423,,,0.29,5.84,-1.362,0
1976,11,1.144,,0.619,-0.137,-0.082,-0.783,,,,1.402,,,0.39,5.97,-1.206,0
1976,12,1.262,,0.5,-0.228,-0.182,-0.868,,,,1.369,,,0.48,5.93,-1.447,0
1977,1,1.122,,0.522,-0.207,-0.164,-0.85,,,,1.372,,,0.59,5.91,-1.347,0
1977,2,0.881,0.625,0.552,-0.182,-0.152,-0.853,-0.914,-0.146,1.539,1.405,0.073,0.061,0.37,5.74,-1.246,0
1977,3,1.473,,0.595,-0.124,-0.091,-0.774,,,,1.369,,,0.34,5.97,-1.152,0
1977,4,1.22,,0.571,-0.155,-0.121,-0.813,,,,1.384,,,0.46,5.85,-1.155,0
1977,5,1.165,,0.699,-0.063,-0.021,-0.74,,,,1.439,,,0.46,5.83,-1.133,0
1977,6,1.259,,0.787,0.007,0.065,-0.658,,,,1.445,,,0.43,5.97,-0.972,0
1977,7,1.162,,0.732,-0.057,-0.006,-0.74,,,,1.472,,,0.4,5.8,-1.094,1
1977,8,0.991,0.802,0.735,-0.024,0.013,-0.707,-0.758,0.022,1.561,1.442,0.067,0.052,0.55,6,-1.072,0
1977,9,1.25,0.875,0.805,0.055,0.092,-0.618,-0.661,0.107,1.536,1.423,0.07,0.043,0.46,5.92,-1.03,0
1977,10,1.363,0.808,0.744,0.013,0.052,-0.64,-0.682,0.062,1.49,1.384,0.064,0.043,0.46,5.92,-0.987,0
1977,11,1.482,0.796,0.717,-0.03,0.025,-0.667,-0.731,0.031,1.527,1.384,0.079,0.064,0.45,5.74,-1.222,0
1977,12,1.326,,0.729,-0.018,0.031,-0.664,,,,1.393,,,0.31,5.92,-1.612,0
1978,1,2.287,,0.668,-0.082,-0.036,-0.743,,,,1.411,,,0.51,5.89,-1.49,0
1978,2,1.512,,0.738,-0.015,0.04,-0.661,,,,1.399,,,0.39,5.71,-1.03,0
1978,3,1.104,,0.644,-0.103,-0.054,-0.755,,,,1.399,,,0.91,5.82,-1.517,0
1978,4,1.131,0.802,0.741,-0.021,0.034,-0.673,-0.722,0.04,1.524,1.414,0.061,0.049,0.41,5.83,-1.011,0
1978,5,1.171,,0.738,-0.027,0.031,-0.679,,,,1.417,,,0.32,5.59,-1.021,0
1978,6,1.211,,0.72,-0.033,0.019,-0.685,,,,1.405,,,,,-0.893,6
1978,7,1.147,0.793,0.738,-0.006,0.04,-0.655,-0.707,0.043,1.5,1.393,0.055,0.052,0.43,5.76,-0.984,0
1978,8,1.201,,0.741,0.013,0.043,-0.658,,,,1.399,,,0.45,5.75,-0.96,0
1978,9,1.214,,0.784,0.043,0.086,-0.612,,,,1.396,,,0.46,5.91,-0.905,0
1978,10,1.165,,0.744,-0.006,0.031,-0.682,,,,1.426,,,0.56,6.04,-1.036,0
1978,11,1.25,0.824,0.76,-0.012,0.043,-0.673,-0.731,0.046,1.554,1.433,0.064,0.058,0.35,5.96,-1.139,0
1978,12,1.192,,0.692,-0.085,-0.036,-0.768,,,,1.46,,,0.5,6.04,-1.383,0
1979,1,1.61,0.863,0.781,0.007,0.049,-0.682,-0.752,0.055,1.615,1.463,0.082,0.07,0.31,5.84,-1.103,0
1979,2,1.323,0.689,0.622,-0.118,-0.07,-0.761,-0.832,-0.072,1.521,1.384,0.067,0.064,0.48,6.11,-1.124,0
1979,3,1.144,0.726,0.671,-0.085,-0.036,-0.743,-0.798,-0.036,1.524,1.414,0.055,0.055,0.3,5.84,-1.264,0
1979,4,1.265,0.781,0.711,-0.039,0.007,-0.694,-0.737,0.022,1.518,1.405,0.07,0.043,0.49,5.82,-0.978,0
1979,5,,0.827,0.763,0.016,0.062,-0.64,-0.67,0.079,1.497,1.402,0.064,0.03,,,,11
1979,6,1.247,0.808,0.744,0.007,0.049,-0.646,-0.679,0.064,1.487,1.39,0.064,0.034,0.59,5.92,-0.899,0
1979,7,1.08,0.808,0.747,0.01,0.052,-0.643,-0.682,0.063,1.49,1.39,0.061,0.04,0.45,5.76,-0.972,0
1979,8,1.311,0.848,0.781,0.04,0.08,-0.618,-0.664,0.092,1.512,1.399,0.067,0.046,0.48,5.88,-0.984,0
1979,9,1.348,0.827,0.756,0.007,0.049,-0.658,-0.722,0.052,1.549,1.414,0.07,0.064,0.52,5.99,-0.966,0
1979,10,1.311,0.891,0.814,0.043,0.095,-0.624,-0.676,0.107,1.567,1.439,0.076,0.052,0.43,5.96,-1.094,0
1979,11,1.269,0.805,0.735,-0.042,0.004,-0.731,-0.783,0.011,1.588,1.463,0.07,0.052,0.42,5.96,-1.054,0
1979,12,1.006,0.744,0.656,-0.109,-0.06,-0.777,-0.832,-0.044,1.576,1.433,0.088,0.058,0.46,5.99,-1.17,0
1980,1,1.464,0.732,0.635,-0.121,-0.07,-0.774,-0.853,-0.06,1.585,1.408,0.094,0.079,0.43,5.93,-1.322,0
1980,2,1.122,0.705,0.628,-0.103,-0.057,-0.746,-0.807,-0.051,1.512,1.375,0.076,0.061,0.4,5.79,-1.274,0
1980,3,1.427,0.732,0.631,-0.109,-0.07,-0.771,-0.847,-0.057,1.576,1.402,0.101,0.073,0.4,5.92,-1.618,0
1980,4,1.427,0.76,0.692,-0.039,0.013,-0.667,-0.719,0.022,1.478,1.362,0.064,0.052,0.4,5.83,-1.124,0
1980,5,1.113,0.793,0.72,-0.027,0.034,-0.652,-0.679,0.058,1.475,1.372,0.076,0.027,0.59,5.88,-1.024,0
1980,6,1.064,0.808,0.735,-0.024,0.037,-0.658,-0.704,0.052,1.512,1.393,0.073,0.046,0.55,5.92,-1.045,0
1980,7,1.073,0.827,0.76,-0.002,0.046,-0.667,-0.716,0.055,1.542,1.43,0.064,0.049,0.5,5.91,-0.856,0
1980,8,1.04,0.82,0.766,-0.002,0.046,-0.673,-0.719,0.052,1.539,1.439,0.055,0.046,0.44,5.78,-1.054,0
1980,9,1.201,0.781,0.714,-0.042,-0.002,-0.719,-0.783,-0.002,1.564,1.433,0.067,0.064,0.39,5.73,-1.24,0
1980,10,1.476,0.787,0.717,-0.039,0.01,-0.697,-0.755,0.016,1.545,1.417,0.07,0.058,0.44,5.83,-1.435,0
1980,11,1.415,0.756,0.659,-0.076,-0.033,-0.725,-0.783,-0.015,1.539,1.384,0.094,0.058,0.43,5.97,-1.206,0
1980,12,0.997,0.641,0.543,-0.188,-0.146,-0.838,-0.896,-0.127,1.536,1.381,0.098,0.058,0.45,5.98,-1.472,0
1981,1,0.927,0.628,0.543,-0.185,-0.14,-0.822,-0.902,-0.137,1.533,1.366,0.088,0.079,0.43,5.85,-1.188,0
1981,2,1.201,0.671,0.61,-0.137,-0.094,-0.798,-0.88,-0.106,1.551,1.408,0.061,0.082,0.48,5.79,-1.274,0
1981,3,1.22,0.726,0.668,-0.051,-0.009,-0.685,-0.749,-0.012,1.475,1.353,0.061,0.064,0.44,5.87,-1.261,0
1981,4,0.991,0.656,0.586,-0.143,-0.091,-0.768,-0.819,-0.082,1.475,1.354,0.07,0.051,0.95,5.97,-1.206,0
1981,5,1.247,0.814,0.738,-0.024,0.031,-0.676,-0.716,0.049,1.53,1.414,0.076,0.043,0.63,5.9,-1.063,0
1981,6,1.189,0.848,0.769,0.004,0.055,-0.661,-0.704,0.074,1.551,1.43,0.079,0.043,0.57,5.88,-1.075,0
1981,7,1.064,0.833,0.769,0.01,0.055,-0.655,-0.707,0.062,1.539,1.426,0.061,0.052,0.5,5.92,-1.066,0
1981,8,0.97,0.817,0.769,0.022,0.062,-0.643,-0.685,0.065,1.503,1.408,0.049,0.043,0.43,5.82,-0.899,0
1981,9,1.159,0.857,0.784,0.043,0.095,-0.597,-0.633,0.11,1.49,1.381,0.073,0.04,0.38,5.91,-0.969,0
1981,10,1.195,0.784,0.705,-0.03,0.013,-0.679,-0.74,0.022,1.524,1.384,0.079,0.061,0.38,5.97,-1.051,0
1981,11,1.201,0.781,0.708,-0.021,0.028,-0.655,-0.704,0.04,1.484,1.362,0.073,0.049,0.41,5.98,-1.121,0
1981,12,1.281,0.772,0.68,-0.051,-0.012,-0.704,-0.78,-0.002,1.551,1.384,0.091,0.076,0.39,5.88,-1.2,0
1982,1,1.238,0.711,0.616,-0.137,-0.088,-0.795,-0.874,-0.082,1.582,1.411,0.094,0.079,0.5,6.07,-1.374,0
1982,2,0.994,0.689,0.619,-0.124,-0.073,-0.761,-0.838,-0.073,1.53,1.384,0.07,0.076,0.44,5.89,-1.386,0
1982,3,1.104,0.699,0.625,-0.118,-0.079,-0.783,-0.835,-0.067,1.533,1.408,0.076,0.049,0.39,5.83,-1.45,0
1982,4,1.101,0.705,0.61,-0.121,-0.079,-0.768,-0.838,-0.067,1.539,1.378,0.091,0.07,0.57,6.07,-1.316,0
1982,5,1.141,0.741,0.677,-0.051,0.007,-0.667,-0.71,0.016,1.448,1.347,0.061,0.043,0.6,6,-1.014,0
1982,6,1.281,0.878,0.814,0.083,0.141,-0.53,-0.566,0.156,1.445,1.344,0.067,0.037,0.5,6.04,-0.829,0
1982,7,1.168,0.775,0.705,-0.018,0.043,-0.615,-0.661,0.055,1.436,1.32,0.067,0.046,0.66,5.83,-0.886,0
1982,8,1.043,0.729,0.665,-0.033,-0.012,-0.688,-0.74,-0.006,1.469,1.356,0.061,0.052,0.49,5.93,-1.042,0
1982,9,1.095,0.717,0.671,-0.045,-0.009,-0.688,-0.746,-0.015,1.466,1.359,0.046,0.058,0.46,5.96,-0.944,0
1982,10,1.131,0.796,0.732,0.013,0.046,-0.636,-0.685,0.055,1.481,1.369,0.067,0.049,0.3,5.97,-0.926,0
1982,11,1.183,0.692,0.625,-0.1,-0.063,-0.752,-0.813,-0.06,1.506,1.378,0.067,0.061,0.39,5.91,-1.237,0
1982,12,1.144,0.76,0.665,-0.085,-0.033,-0.734,-0.813,-0.027,1.576,1.402,0.094,0.079,0.37,5.85,-1.142,0
1983,1,1.189,0.711,0.628,-0.115,-0.07,-0.768,-0.829,-0.06,1.539,1.396,0.082,0.061,0.35,5.84,-1.185,0
1983,2,1.134,0.729,0.665,-0.051,-0.009,-0.679,-0.746,-0.009,1.475,1.344,0.064,0.067,0.47,5.95,-1.118,0
1983,3,1.201,0.784,0.711,-0.024,0.031,-0.649,-0.694,0.043,1.478,1.359,0.073,0.046,0.41,5.91,-1.21,0
1983,4,1.232,0.814,0.747,0.034,0.077,-0.594,-0.63,0.092,1.445,1.344,0.067,0.037,0.42,5.88,-0.978,0
1983,5,1.08,0.763,0.699,-0.002,0.034,-0.63,-0.664,0.049,1.426,1.326,0.067,0.034,0.42,5.79,-0.865,0
1983,6,1.034,0.75,0.689,-0.015,0.028,-0.63,-0.661,0.043,1.411,1.32,0.061,0.03,0.45,5.74,-0.944,0
1983,7,1.171,0.824,0.741,0.043,0.077,-0.588,-0.636,0.095,1.46,1.329,0.082,0.049,0.53,5.95,-0.902,0
1983,8,1.244,0.848,0.778,0.068,0.104,-0.569,-0.612,0.116,1.46,1.347,0.07,0.043,0.47,5.85,-0.902,0
1983,9,1.217,0.833,0.763,0.046,0.077,-0.609,-0.658,0.089,1.49,1.372,0.07,0.049,0.41,5.93,-0.905,0
1983,10,1.333,0.869,0.79,0.062,0.101,-0.591,-0.627,0.119,1.5,1.381,0.079,0.037,0.37,5.86,-0.908,0
1983,11,1.643,0.936,0.82,0.086,0.122,-0.576,-0.661,0.138,1.597,1.396,0.113,0.085,0.32,5.89,-1.136,0
1983,12,1.275,0.799,0.705,-0.012,0.028,-0.649,-0.725,0.037,1.524,1.353,0.094,0.076,0.44,6.11,-1.109,0
1984,1,1.104,0.689,0.613,-0.094,-0.048,-0.713,-0.774,-0.042,1.466,1.323,0.079,0.064,0.45,5.93,-1.362,0
1984,2,1.25,0.756,0.665,-0.042,-0.002,-0.67,-0.749,0.004,1.506,1.335,0.091,0.079,0.43,6.01,-1.048,0
1984,3,1.29,0.802,0.72,0.001,0.052,-0.618,-0.67,0.065,1.472,1.338,0.079,0.055,0.42,5.84,-1.014,0
1984,4,1.403,0.866,0.793,0.095,0.141,-0.508,-0.557,0.156,1.426,1.301,0.073,0.049,0.35,5.89,-0.832,0
1984,5,1.165,0.808,0.738,0.037,0.074,-0.591,-0.618,0.095,1.426,1.329,0.07,0.027,0.41,5.81,-0.908,0
1984,6,1.049,0.848,0.766,0.055,0.107,-0.554,-0.594,0.129,1.442,1.32,0.082,0.04,0.41,5.76,-0.813,0
1984,7,1.058,0.839,0.772,0.046,0.086,-0.6,-0.636,0.101,1.475,1.375,0.064,0.037,0.47,5.8,-0.88,0
1984,8,1.168,0.86,0.787,0.055,0.098,-0.591,-0.64,0.11,1.497,1.378,0.073,0.049,0.41,5.78,-0.923,0
1984,9,1.25,0.805,0.72,-0.002,0.031,-0.658,-0.707,0.049,1.512,1.378,0.085,0.049,0.44,5.84,-1.109,0
1984,10,1.247,0.808,0.747,0.031,0.074,-0.597,-0.643,0.083,1.451,1.347,0.061,0.043,0.4,6.06,-0.975,0
1984,11,1.162,0.827,0.735,0.031,0.068,-0.603,-0.667,0.08,1.494,1.338,0.091,0.064,0.39,5.95,-1.127,0
1984,12,1.186,0.714,0.622,-0.073,-0.039,-0.697,-0.783,-0.033,1.497,1.317,0.094,0.085,0.52,5.95,-1.277,0
1985,1,1.116,0.711,0.625,-0.063,-0.027,-0.679,-0.743,-0.018,1.454,1.301,0.085,0.067,0.53,5.91,-1.24,0
1985,2,1.076,0.662,0.607,-0.094,-0.063,-0.734,-0.801,-0.07,1.463,1.341,0.055,0.067,0.38,5.96,-1.316,0
1985,3,1.076,0.668,0.595,-0.094,-0.054,-0.704,-0.771,-0.051,1.439,1.298,0.073,0.07,0.34,5.94,-1.13,0
1985,4,1.265,0.708,0.641,-0.06,-0.021,-0.679,-0.722,-0.006,1.43,1.32,0.067,0.04,0.39,5.82,-0.99,0
1985,5,1.174,0.808,0.729,0.019,0.062,-0.603,-0.652,0.077,1.46,1.332,0.079,0.049,0.48,6.01,-1.045,0
1985,6,1.153,0.793,0.723,0.001,0.052,-0.621,-0.658,0.068,1.451,1.347,0.067,0.037,0.5,5.92,-0.905,0
1985,7,1.122,0.796,0.726,0.013,0.055,-0.618,-0.655,0.071,1.451,1.344,0.07,0.037,0.47,5.86,-0.859,0
1985,8,1.116,0.799,0.738,0.031,0.065,-0.609,-0.655,0.074,1.454,1.347,0.064,0.046,0.51,5.94,-0.847,0
1985,9,2.104,0.824,0.744,0.034,0.071,-0.603,-0.664,0.08,1.484,1.347,0.076,0.061,0.41,5.9,-1.036,0
1985,10,1.333,0.763,0.686,-0.006,0.022,-0.64,-0.685,0.04,1.445,1.329,0.073,0.043,0.44,6.04,-0.957,0
1985,11,1.223,0.814,0.726,0.028,0.065,-0.597,-0.661,0.077,1.475,1.32,0.088,0.064,0.44,5.84,-1.145,0
1985,12,1.378,0.784,0.674,-0.024,0.016,-0.64,-0.713,0.034,1.5,1.314,0.113,0.073,0.36,5.89,-0.947,0
1986,1,1.171,0.717,0.616,-0.103,-0.057,-0.728,-0.816,-0.048,1.533,1.344,0.101,0.085,0.37,6.01,-1.316,0
1986,2,0.958,0.692,0.647,-0.048,-0.012,-0.67,-0.716,-0.012,1.408,1.317,0.043,0.049,0.37,6.07,-1.005,0
1986,3,0.988,0.68,0.586,-0.115,-0.079,-0.746,-0.816,-0.067,1.494,1.332,0.094,0.067,0.41,5.78,-1.386,0
1986,4,1.153,0.811,0.732,0.019,0.086,-0.557,-0.6,0.107,1.408,1.289,0.079,0.04,0.73,5.97,-1.021,0
1986,5,1.174,0.769,0.692,0.01,0.074,-0.545,-0.585,0.092,1.356,1.237,0.076,0.04,0.8,6.04,-0.896,0
1986,6,1.208,0.766,0.692,0.007,0.037,-0.618,-0.667,0.049,1.436,1.311,0.076,0.052,0.57,5.91,-0.935,0
1986,7,1.22,0.787,0.72,0.046,0.077,-0.566,-0.615,0.086,1.402,1.286,0.067,0.052,0.55,5.87,-0.877,0
1986,8,1.22,0.744,0.677,0.016,0.046,-0.585,-0.63,0.055,1.375,1.262,0.064,0.046,0.58,5.97,-0.798,0
1986,9,1.031,0.741,0.671,-0.006,0.013,-0.643,-0.7,0.022,1.442,1.317,0.07,0.058,0.47,5.94,-1.6,0
1986,10,1.29,0.799,0.723,0.031,0.058,-0.609,-0.661,0.071,1.46,1.332,0.076,0.052,0.39,5.99,-1.048,0
1986,11,1.229,0.772,0.674,-0.039,0.004,-0.667,-0.728,0.022,1.5,1.341,0.098,0.061,0.41,5.99,-1.164,0
1986,12,1.744,0.769,0.659,-0.045,-0.002,-0.664,-0.746,0.01,1.515,1.323,0.11,0.085,0.39,5.91,-1.149,0
1987,1,2.095,0.817,0.708,-0.015,0.025,-0.658,-0.725,0.046,1.542,1.366,0.11,0.067,0.46,5.85,-1.014,0
1987,2,1.009,0.625,0.561,-0.124,-0.088,-0.737,-0.798,-0.085,1.423,1.298,0.064,0.061,0.42,5.83,-1.179,0
1987,3,1.308,0.784,0.711,0.007,0.058,-0.597,-0.652,0.068,1.433,1.308,0.073,0.055,0.53,6.06,-1.054,0
1987,4,1.104,0.72,0.653,-0.012,0.04,-0.569,-0.624,0.046,1.344,1.222,0.067,0.052,0.5,5.96,-0.95,0
1987,5,0.921,0.683,0.616,-0.051,-0.006,-0.63,-0.664,0.01,1.347,1.247,0.067,0.034,0.39,5.74,-0.993,0
1987,6,1.101,0.766,0.699,0.019,0.065,-0.566,-0.609,0.08,1.375,1.265,0.067,0.04,0.47,5.9,-0.883,0
1987,7,1.201,0.781,0.714,0.028,0.062,-0.588,-0.633,0.074,1.414,1.301,0.067,0.046,0.48,5.79,-0.798,0
1987,8,1.205,0.763,0.699,-0.002,0.034,-0.627,-0.664,0.049,1.426,1.323,0.064,0.037,0.5,5.8,-0.874,0
1987,9,1.18,0.784,0.702,0.004,0.034,-0.636,-0.682,0.049,1.466,1.338,0.079,0.049,0.44,5.97,-1.005,0
1987,10,1.467,0.775,0.68,-0.03,0.007,-0.667,-0.725,0.025,1.5,1.347,0.094,0.058,0.44,5.96,-1.173,0
1987,11,1.125,0.744,0.647,-0.073,-0.027,-0.697,-0.755,-0.006,1.503,1.344,0.101,0.058,0.39,5.75,-1.188,0
1987,12,1.156,0.781,0.68,-0.024,0.016,-0.652,-0.725,0.028,1.506,1.329,0.101,0.076,0.47,5.93,-1.039,0
1988,1,1.205,0.616,0.519,-0.164,-0.127,-0.774,-0.853,-0.118,1.469,1.292,0.098,0.079,0.46,5.88,-1.234,0
1988,2,1.217,0.686,0.589,-0.085,-0.051,-0.691,-0.774,-0.045,1.46,1.283,0.098,0.082,0.33,5.98,-1.054,0
1988,3,1.095,0.622,0.552,-0.121,-0.094,-0.743,-0.789,-0.082,1.411,1.295,0.07,0.046,0.43,6,-1.216,0
1988,4,1.177,0.778,0.699,0.013,0.049,-0.6,-0.646,0.068,1.423,1.298,0.082,0.043,0.41,5.96,-0.99,0
1988,5,1,0.732,0.641,-0.054,-0.018,-0.676,-0.71,0.01,1.442,1.317,0.091,0.034,0.39,5.88,-0.953,0
1988,6,1.089,0.784,0.692,-0.006,0.037,-0.618,-0.667,0.058,1.451,1.311,0.091,0.049,0.47,5.8,-0.816,0
1988,7,1.086,0.753,0.683,-0.027,0.007,-0.67,-0.713,0.019,1.466,1.35,0.07,0.046,0.45,5.79,-0.889,0
1988,8,1.171,0.79,0.711,-0.002,0.025,-0.664,-0.716,0.037,1.506,1.375,0.079,0.052,0.47,5.9,-1.066,0
1988,9,1.128,0.742,0.657,-0.039,-0.017,-0.69,-0.744,-0.001,1.486,1.347,0.085,0.054,0.42,5.95,-1.081,0
1988,10,1.656,0.753,0.668,-0.03,0.016,-0.636,-0.704,0.025,1.457,1.305,0.085,0.067,0.38,5.97,-0.987,0
1988,11,1.116,0.705,0.619,-0.067,-0.027,-0.676,-0.774,-0.036,1.481,1.295,0.085,0.101,0.44,5.91,-1.353,0
1988,12,1.012,0.641,0.561,-0.112,-0.079,-0.716,-0.783,-0.07,1.423,1.277,0.082,0.064,0.48,5.97,-1.255,0
1989,1,0.991,0.638,0.543,-0.137,-0.109,-0.758,-0.844,-0.103,1.481,1.301,0.098,0.085,0.48,6.09,-1.298,0
1989,2,1.037,0.601,0.534,-0.161,-0.131,-0.792,-0.88,-0.14,1.478,1.326,0.067,0.085,0.36,6.16,-1.587,0
1989,3,1.046,0.586,0.525,-0.158,-0.118,-0.761,-0.813,-0.115,1.402,1.283,0.064,0.055,0.47,5.99,-1.228,0
1989,4,1.22,0.659,0.583,-0.112,-0.073,-0.731,-0.777,-0.06,1.436,1.314,0.076,0.046,0.41,5.94,-1.152,0
1989,5,1.366,0.756,0.677,-0.033,0.007,-0.661,-0.71,0.025,1.466,1.338,0.079,0.049,0.46,5.88,-1.109,0
1989,6,1.092,0.778,0.711,0.004,0.049,-0.615,-0.661,0.058,1.439,1.326,0.067,0.046,0.41,5.81,-0.85,0
1989,7,0.988,0.769,0.699,0.001,0.031,-0.636,-0.685,0.04,1.454,1.335,0.07,0.052,0.52,5.86,-0.932,0
1989,8,1.107,0.805,0.735,0.049,0.074,-0.588,-0.633,0.086,1.439,1.323,0.07,0.046,0.43,5.83,-0.92,0
1989,9,1.192,0.741,0.683,-0.009,0.025,-0.633,-0.676,0.031,1.417,1.317,0.058,0.043,0.44,5.89,-0.966,0
1989,10,1.235,0.753,0.671,-0.021,0.01,-0.655,-0.694,0.031,1.448,1.326,0.082,0.04,0.46,5.96,-1.109,0
1989,11,1.39,0.763,0.653,-0.03,0.004,-0.643,-0.722,0.019,1.484,1.295,0.11,0.079,0.45,6.01,-1.289,0
1989,12,1.043,0.622,0.546,-0.158,-0.118,-0.78,-0.844,-0.109,1.466,1.326,0.079,0.064,0.38,5.9,-1.097,0
1990,1,1.122,0.668,0.574,-0.124,-0.088,-0.752,-0.838,-0.085,1.506,1.326,0.091,0.085,0.46,5.93,-1.261,0
1990,2,1.055,0.653,0.558,-0.121,-0.097,-0.755,-0.844,-0.094,1.497,1.314,0.094,0.088,0.33,5.93,-1.185,0
1990,3,0.915,0.625,0.552,-0.155,-0.127,-0.807,-0.847,-0.109,1.472,1.362,0.073,0.04,0.38,5.86,-1.24,0
1990,4,1.195,0.711,0.625,-0.076,-0.045,-0.716,-0.764,-0.027,1.478,1.341,0.085,0.052,0.37,5.87,-1.042,0
1990,5,1.372,0.802,0.717,0.004,0.049,-0.615,-0.658,0.071,1.46,1.332,0.085,0.043,0.46,5.8,-0.917,0
1990,6,1.275,0.787,0.708,0.016,0.055,-0.597,-0.652,0.068,1.439,1.308,0.079,0.052,0.42,5.9,-0.889,0
1990,7,1.095,0.747,0.683,0.001,0.034,-0.618,-0.667,0.04,1.417,1.305,0.064,0.049,0.54,5.95,-0.853,0
1990,8,1.128,0.763,0.705,0.04,0.062,-0.582,-0.636,0.065,1.399,1.286,0.058,0.052,0.43,5.86,-0.917,0
1990,9,1.131,0.787,0.726,0.043,0.071,-0.588,-0.643,0.074,1.43,1.314,0.061,0.055,0.37,5.95,-1.13,0
1990,10,1.217,0.83,0.75,0.037,0.071,-0.609,-0.682,0.074,1.512,1.362,0.079,0.073,0.44,5.99,-1.149,0
1990,11,1.384,0.781,0.671,-0.03,0.004,-0.667,-0.74,0.019,1.521,1.338,0.11,0.073,0.32,5.94,-1.353,0
1990,12,1.784,0.753,0.653,-0.082,-0.039,-0.728,-0.798,-0.021,1.551,1.381,0.101,0.07,0.35,5.88,-1.069,0
1991,1,1.165,0.738,0.651,-0.072,-0.027,-0.705,-0.768,-0.015,1.506,1.356,0.087,0.063,0.26,5.77,-1.267,0
1991,2,1.205,0.692,0.622,-0.082,-0.042,-0.71,-0.777,-0.042,1.472,1.332,0.07,0.07,0.24,5.71,-1.374,0
1991,3,1.265,0.793,0.726,0.019,0.062,-0.606,-0.67,0.062,1.463,1.332,0.067,0.064,0.49,5.91,-0.987,0
1991,4,1.092,0.732,0.659,-0.042,-0.012,-0.682,-0.734,-0.002,1.466,1.344,0.07,0.049,0.43,5.86,-1.085,0
1991,5,1.171,0.775,0.695,-0.006,0.037,-0.621,-0.658,0.058,1.433,1.317,0.079,0.04,0.44,5.85,-0.844,0
1991,6,1.201,0.805,0.735,0.04,0.077,-0.582,-0.618,0.092,1.423,1.317,0.067,0.037,0.41,5.86,-1.008,0
1991,7,1.284,0.82,0.756,0.043,0.08,-0.597,-0.64,0.092,1.463,1.356,0.064,0.043,0.48,5.89,-0.932,0
1991,8,2.36,0.851,0.763,0.025,0.065,-0.63,-0.685,0.083,1.536,1.39,0.088,0.058,0.5,6.02,-0.908,0
1991,9,1.147,0.781,0.702,-0.012,0.022,-0.661,-0.716,0.034,1.497,1.362,0.079,0.055,0.37,5.89,-0.902,0
1991,10,1.674,0.848,0.766,0.04,0.083,-0.6,-0.655,0.098,1.5,1.366,0.082,0.055,0.35,6.01,-1.014,0
1991,11,1.329,0.793,0.723,-0.002,0.052,-0.621,-0.67,0.062,1.463,1.344,0.07,0.049,0.44,5.75,-1.011,0
1991,12,1.256,0.769,0.647,-0.054,-0.015,-0.676,-0.78,-0.006,1.545,1.32,0.122,0.104,0.46,6.01,-1.176,0
1992,1,1.57,0.772,0.674,-0.033,0.01,-0.658,-0.746,0.013,1.518,1.332,0.098,0.088,0.41,5.84,-1.283,0
1992,2,1.153,0.753,0.671,-0.033,0.001,-0.673,-0.734,0.01,1.487,1.341,0.082,0.064,0.36,5.97,-1.13,0
1992,3,1.262,0.76,0.671,-0.018,0.013,-0.646,-0.704,0.028,1.463,1.317,0.085,0.061,0.39,5.9,-1.179,0
1992,4,1.043,0.772,0.699,-0.015,0.031,-0.633,-0.667,0.052,1.442,1.329,0.076,0.037,0.48,5.8,-1.024,0
1992,5,1.034,0.784,0.699,-0.027,0.031,-0.64,-0.673,0.055,1.457,1.338,0.082,0.034,0.5,5.78,-0.926,0
1992,6,1.134,0.851,0.772,0.071,0.11,-0.551,-0.603,0.122,1.454,1.323,0.079,0.052,0.49,5.82,-0.81,0
1992,7,1.287,0.894,0.82,0.086,0.126,-0.572,-0.621,0.135,1.515,1.396,0.073,0.049,0.41,5.78,-0.941,0
1992,8,1.333,0.854,0.784,0.049,0.086,-0.612,-0.67,0.092,1.527,1.396,0.073,0.061,0.53,5.98,-0.938,0
1992,9,1.205,0.802,0.735,0.065,0.068,-0.597,-0.643,0.08,1.445,1.332,0.067,0.046,0.54,6.33,-0.978,0
1992,10,1.174,0.83,0.769,0.083,0.11,-0.551,-0.606,0.113,1.439,1.32,0.061,0.058,0.42,6.21,-0.941,0
1992,11,1.314,0.787,0.711,-0.015,0.034,-0.64,-0.7,0.043,1.487,1.35,0.076,0.061,0.46,5.83,-0.981,0
1992,12,1.436,0.772,0.674,-0.018,0.025,-0.627,-0.704,0.034,1.475,1.301,0.098,0.076,0.46,6.07,-1.322,0
1993,1,1.08,0.72,0.631,-0.057,-0.015,-0.664,-0.737,-0.009,1.457,1.295,0.088,0.073,0.49,5.92,-1.045,0
1993,2,1.177,0.763,0.692,-0.021,0.016,-0.658,-0.74,0.013,1.503,1.35,0.073,0.079,0.47,6.02,-1.075,0
1993,3,1.552,0.683,0.613,-0.088,-0.042,-0.7,-0.761,-0.039,1.448,1.314,0.07,0.061,0.47,5.91,-1.402,0
1993,4,1.198,0.836,0.769,0.055,0.11,-0.548,-0.594,0.122,1.433,1.32,0.067,0.046,0.44,5.93,-0.911,0
1993,5,1.131,0.833,0.76,0.022,0.08,-0.6,-0.646,0.095,1.478,1.359,0.073,0.046,0.44,5.73,-0.978,0
1993,6,1.177,0.836,0.769,0.034,0.083,-0.606,-0.646,0.095,1.481,1.378,0.067,0.04,0.5,5.78,-0.798,0
1993,7,1.08,0.854,0.805,0.08,0.119,-0.563,-0.609,0.122,1.463,1.369,0.052,0.046,0.5,5.82,-0.777,0
1993,8,1.247,0.839,0.796,0.08,0.113,-0.569,-0.624,0.107,1.463,1.366,0.043,0.055,0.51,5.88,-0.847,0
1993,9,1.323,0.83,0.777,0.063,0.095,-0.587,-0.642,0.094,1.472,1.364,0.053,0.055,0.5,5.94,-0.999,0
1993,10,1.314,0.836,0.757,0.023,0.057,-0.643,-0.709,0.063,1.545,1.4,0.079,0.066,0.5,5.91,-1.011,0
1993,11,1.198,0.766,0.682,-0.034,0.004,-0.673,-0.742,0.012,1.508,1.355,0.084,0.069,0.5,5.87,-1.033,0
1993,12,1.272,0.805,0.704,-0.003,0.036,-0.632,-0.717,0.044,1.522,1.336,0.101,0.085,0.38,5.84,-1.466,0
1994,1,1.256,0.675,0.584,-0.166,-0.117,-0.818,-0.905,-0.115,1.58,1.402,0.091,0.087,0.41,5.95,-1.453,0
1994,2,1.293,0.707,0.626,-0.114,-0.063,-0.751,-0.81,-0.052,1.517,1.377,0.081,0.059,0.53,5.84,-1.243,0
1994,3,1.241,0.779,0.697,-0.042,0.005,-0.687,-0.741,0.019,1.52,1.384,0.082,0.054,0.47,5.92,-1.106,0
1994,4,1.275,0.709,0.634,-0.085,-0.059,-0.752,-0.797,-0.044,1.506,1.386,0.075,0.045,0.44,5.83,-1.057,0
1994,5,1.311,0.821,0.747,0.012,0.067,-0.612,-0.653,0.084,1.474,1.359,0.074,0.041,0.53,6.01,-0.832,0
1994,6,1.192,0.808,0.734,0.026,0.057,-0.62,-0.661,0.073,1.469,1.354,0.074,0.041,0.83,6.15,-0.856,0
1994,7,1.028,0.794,0.738,0.039,0.073,-0.591,-0.645,0.074,1.439,1.329,0.056,0.054,0.52,5.85,-0.798,0
1994,8,1.04,0.773,0.724,0.016,0.058,-0.608,-0.647,0.063,1.42,1.332,0.049,0.039,0.55,5.98,-0.886,0
1994,9,1.15,0.797,0.747,0.038,0.074,-0.599,-0.646,0.075,1.443,1.346,0.05,0.047,0.39,5.86,-0.917,0
1994,10,,0.799,0.759,0.022,0.061,-0.633,-0.667,0.065,1.466,1.393,0.04,0.034,,,,11
1994,11,1.198,0.77,0.687,-0.067,-0.025,-0.737,-0.812,-0.021,1.582,1.424,0.083,0.075,0.55,6.07,-1.331,0
1994,12,1.195,0.766,0.685,-0.063,-0.009,-0.703,-0.766,0,1.532,1.388,0.081,0.063,0.49,6.06,-1.274,0
1995,1,1.317,0.749,0.673,-0.065,-0.019,-0.71,-0.769,-0.01,1.518,1.383,0.076,0.059,0.48,6,-1.191,0
1995,2,1.113,0.661,0.594,-0.137,-0.084,-0.761,-0.834,-0.087,1.495,1.355,0.067,0.073,0.44,6.03,-1.176,0
1995,3,1.006,0.74,0.692,-0.057,-0.009,-0.71,-0.744,-0.002,1.484,1.402,0.048,0.034,0.38,5.79,-0.987,0
1995,4,1.095,0.73,0.657,-0.069,-0.034,-0.725,-0.77,-0.02,1.5,1.382,0.073,0.045,0.42,5.86,-1.06,0
1995,5,1.311,0.831,0.767,0.036,0.087,-0.592,-0.645,0.093,1.476,1.359,0.064,0.053,0.56,5.97,-1.017,0
1995,6,1.198,0.756,0.7,-0.025,0.015,-0.67,-0.704,0.026,1.46,1.37,0.056,0.034,0.54,5.95,-0.99,0
1995,7,1.186,0.814,0.762,0.038,0.071,-0.62,-0.665,0.074,1.479,1.382,0.052,0.045,0.42,5.87,-0.886,0
1995,8,1.201,0.863,0.808,0.073,0.115,-0.577,-0.626,0.118,1.489,1.385,0.055,0.049,0.6,5.98,-0.865,0
1995,9,1.092,0.864,0.794,0.051,0.092,-0.61,-0.656,0.104,1.52,1.404,0.07,0.046,0.56,6.02,-0.917,0
1995,10,1.31,0.883,0.803,0.06,0.103,-0.597,-0.652,0.115,1.535,1.4,0.08,0.055,0.47,6.01,-0.89,0
1995,11,1.217,0.89,0.809,0.06,0.115,-0.578,-0.654,0.118,1.544,1.387,0.081,0.076,0.52,5.99,-0.968,0
1995,12,1.406,0.814,0.731,-0.013,0.047,-0.636,-0.703,0.055,1.517,1.367,0.083,0.067,0.5,6.03,-1.192,0
1996,1,1.851,0.872,0.746,0.023,0.089,-0.568,-0.676,0.098,1.548,1.314,0.126,0.108,0.48,6.15,-1.094,0
1996,2,,0.753,0.688,-0.042,0.011,-0.666,-0.723,0.015,1.476,1.354,0.065,0.057,0.48,5.95,,13
1996,3,1.315,0.738,0.654,-0.057,-0.005,-0.663,-0.732,0.003,1.47,1.317,0.084,0.069,0.57,5.82,-1.382,0
1996,4,1.537,0.89,0.788,0.063,0.114,-0.559,-0.613,0.138,1.503,1.347,0.102,0.054,0.52,5.96,-0.891,0
1996,5,1.21,0.861,0.78,0.044,0.089,-0.602,-0.647,0.107,1.508,1.382,0.081,0.045,0.56,5.97,-0.974,0
1996,6,1.154,0.852,0.788,0.049,0.094,-0.6,-0.635,0.108,1.487,1.388,0.064,0.035,0.52,5.85,-0.927,0
1996,7,1.314,0.924,0.858,0.089,0.144,-0.57,-0.623,0.15,1.547,1.428,0.066,0.053,0.55,5.85,-0.92,0
1996,8,1.276,0.871,0.825,0.058,0.103,-0.619,-0.662,0.104,1.533,1.444,0.046,0.043,0.53,5.87,-0.874,0
1996,9,1.202,0.951,0.902,0.154,0.21,-0.482,-0.527,0.212,1.478,1.384,0.049,0.045,0.56,5.79,-0.96,0
1996,10,1.384,0.92,0.852,0.128,0.177,-0.497,-0.547,0.186,1.467,1.349,0.068,0.05,0.5,5.91,-0.877,0
1996,11,1.294,0.87,0.802,0.076,0.126,-0.549,-0.587,0.141,1.457,1.351,0.068,0.038,0.6,5.95,-0.931,0
1996,12,1.43,0.905,0.82,0.097,0.152,-0.515,-0.58,0.162,1.485,1.335,0.085,0.065,0.55,6.09,-1.028,0
1997,1,1.881,0.848,0.734,0.01,0.054,-0.625,-0.718,0.065,1.566,1.359,0.114,0.093,0.56,6,-1.179,0
1997,2,1.292,0.791,0.727,-0.014,0.028,-0.671,-0.739,0.026,1.53,1.398,0.064,0.068,0.52,6.02,-1.178,0
1997,3,1.478,0.81,0.732,0.006,0.051,-0.629,-0.691,0.059,1.501,1.361,0.078,0.062,0.56,5.87,-1.337,0
1997,4,1.292,0.93,0.865,0.115,0.172,-0.52,-0.572,0.179,1.502,1.385,0.065,0.052,0.5,5.9,-0.918,0
1997,5,1.428,0.858,0.787,0.047,0.099,-0.588,-0.638,0.11,1.496,1.375,0.071,0.05,0.5,5.92,-0.976,0
1997,6,1.187,0.898,0.838,0.088,0.143,-0.551,-0.586,0.156,1.484,1.389,0.06,0.035,0.56,5.84,-0.86,0
1997,7,1.212,0.839,0.786,0.045,0.098,-0.59,-0.629,0.105,1.468,1.376,0.053,0.039,0.52,5.87,-0.938,0
1997,8,1.483,0.853,0.81,0.073,0.12,-0.57,-0.608,0.122,1.461,1.38,0.043,0.038,0.53,5.82,-0.908,0
1997,9,1.307,0.869,0.789,0.065,0.107,-0.574,-0.612,0.128,1.481,1.363,0.08,0.038,0.53,5.93,-0.931,0
1997,10,1.381,0.877,0.796,0.065,0.108,-0.58,-0.629,0.124,1.506,1.376,0.081,0.049,0.49,5.93,-0.877,0
1997,11,1.52,0.883,0.801,0.064,0.12,-0.561,-0.627,0.128,1.51,1.362,0.082,0.066,0.5,6,-1.029,0
1997,12,1.391,0.846,0.756,0.011,0.072,-0.612,-0.686,0.08,1.532,1.368,0.09,0.074,0.46,6.05,-1.146,0
1998,1,1.442,0.884,0.807,0.048,0.112,-0.582,-0.653,0.115,1.537,1.389,0.077,0.071,0.48,5.86,-1.144,0
1998,2,1.364,0.9,0.834,0.114,0.173,-0.487,-0.539,0.18,1.439,1.321,0.066,0.052,0.41,6.01,-0.808,0
1998,3,1.27,0.862,0.787,0.035,0.088,-0.61,-0.663,0.099,1.525,1.397,0.075,0.053,0.44,5.91,-1.129,0
1998,4,1.204,0.915,0.836,0.084,0.145,-0.545,-0.595,0.16,1.51,1.381,0.079,0.05,0.49,5.76,-0.966,0
1998,5,1.296,0.925,0.858,0.124,0.188,-0.482,-0.515,0.205,1.44,1.34,0.067,0.033,0.52,5.83,-0.831,0
1998,6,1.197,0.92,0.856,0.13,0.178,-0.499,-0.534,0.193,1.454,1.355,0.064,0.035,0.59,5.89,-0.767,0
1998,7,1.109,0.883,0.827,0.122,0.159,-0.509,-0.547,0.168,1.43,1.336,0.056,0.038,0.59,5.86,-0.741,0
1998,8,1.119,0.836,0.78,0.074,0.111,-0.558,-0.587,0.124,1.423,1.338,0.056,0.029,0.52,5.89,-0.866,0
1998,9,1.434,0.894,0.827,0.105,0.152,-0.522,-0.567,0.163,1.461,1.349,0.067,0.045,0.6,5.87,-0.863,0
1998,10,1.22,0.822,0.753,0.023,0.064,-0.624,-0.673,0.074,1.495,1.377,0.069,0.049,0.53,6,-1.187,0
1998,11,1.297,0.821,0.745,0.001,0.04,-0.665,-0.728,0.046,1.549,1.41,0.076,0.063,0.48,5.97,-0.993,0
1998,12,1.334,0.819,0.725,-0.035,0.008,-0.708,-0.779,0.02,1.598,1.433,0.094,0.071,0.55,6.16,-1.207,0
1999,1,1.406,0.781,0.695,-0.064,-0.003,-0.7,-0.791,-0.005,1.572,1.395,0.086,0.091,0.54,6.03,-1.309,0
1999,2,1.502,0.845,0.778,0.045,0.102,-0.573,-0.631,0.107,1.476,1.351,0.067,0.058,0.57,6,-0.893,0
1999,3,1.507,0.794,0.73,-0.023,0.032,-0.665,-0.731,0.031,1.525,1.395,0.064,0.066,0.63,5.99,-1.088,0
1999,4,1.328,0.838,0.76,0.033,0.075,-0.61,-0.646,0.096,1.484,1.37,0.078,0.036,0.56,5.95,-0.969,0
1999,5,1.244,0.837,0.758,0.032,0.078,-0.602,-0.637,0.1,1.474,1.36,0.079,0.035,0.57,5.83,-1.036,0
1999,6,1.266,0.81,0.747,0.026,0.069,-0.608,-0.641,0.084,1.451,1.355,0.063,0.033,0.56,5.85,-0.964,0
1999,7,1.225,0.85,0.798,0.079,0.116,-0.566,-0.605,0.122,1.455,1.364,0.052,0.039,0.57,5.87,-0.889,0
1999,8,1.167,0.895,0.833,0.089,0.132,-0.568,-0.612,0.141,1.507,1.401,0.062,0.044,0.52,5.87,-0.863,0
1999,9,1.384,0.901,0.835,0.086,0.132,-0.571,-0.632,0.134,1.533,1.406,0.066,0.061,0.51,5.85,-0.931,0
1999,10,1.342,0.829,0.776,0.03,0.081,-0.613,-0.676,0.076,1.505,1.389,0.053,0.063,0.54,5.89,-1.105,0
1999,11,1.312,0.801,0.725,-0.012,0.032,-0.661,-0.715,0.043,1.516,1.386,0.076,0.054,0.58,5.92,-1.056,0
1999,12,1.17,0.773,0.68,-0.047,0.007,-0.665,-0.744,0.014,1.517,1.345,0.093,0.079,0.54,6.06,-1.248,0
2000,1,1.293,0.733,0.617,-0.135,-0.067,-0.751,-0.83,-0.049,1.563,1.368,0.116,0.079,0.53,6.09,-1.208,0
2000,2,1.109,0.661,0.578,-0.137,-0.086,-0.749,-0.821,-0.08,1.482,1.327,0.083,0.072,0.53,5.98,-1.146,0
2000,3,1.041,0.741,0.686,-0.009,0.038,-0.609,-0.653,0.044,1.394,1.295,0.055,0.044,0.57,5.87,-0.895,0
2000,4,1.133,0.799,0.736,0.016,0.066,-0.603,-0.663,0.068,1.462,1.339,0.063,0.06,0.53,6.04,-1.004,0
2000,5,1.146,0.873,0.796,0.059,0.111,-0.573,-0.625,0.124,1.498,1.369,0.077,0.052,0.55,5.97,-0.969,0
2000,6,1.256,0.862,0.785,0.045,0.096,-0.592,-0.631,0.115,1.493,1.377,0.077,0.039,0.55,5.88,-0.996,0
2000,7,1.271,0.9,0.833,0.088,0.142,-0.549,-0.605,0.147,1.505,1.382,0.067,0.056,0.56,6.05,-0.912,0
2000,8,1.249,0.861,0.809,0.059,0.106,-0.596,-0.645,0.108,1.506,1.405,0.052,0.049,0.56,5.83,-0.908,0
2000,9,1.26,0.847,0.786,0.058,0.096,-0.593,-0.636,0.105,1.483,1.379,0.061,0.043,0.54,5.92,-0.899,0
2000,10,1.067,0.79,0.72,0.007,0.053,-0.614,-0.673,0.058,1.463,1.334,0.07,0.059,0.54,6.05,-0.945,0
2000,11,1.203,0.838,0.77,0.053,0.102,-0.566,-0.612,0.113,1.45,1.336,0.068,0.046,0.51,5.92,-0.953,0
2000,12,1.655,0.733,0.614,-0.099,-0.056,-0.726,-0.821,-0.044,1.554,1.34,0.119,0.095,0.52,6.02,-1.451,0
2001,1,1.223,0.744,0.671,-0.034,0.018,-0.634,-0.691,0.026,1.435,1.305,0.073,0.057,0.49,5.87,-1.032,0
2001,2,1.156,0.692,0.608,-0.126,-0.079,-0.766,-0.838,-0.073,1.53,1.374,0.084,0.072,0.51,6.04,-1.539,0
2001,3,1.318,0.786,0.724,0.011,0.058,-0.607,-0.664,0.061,1.45,1.331,0.062,0.057,0.52,5.92,-1.183,0
2001,4,1.169,0.767,0.707,-0.006,0.035,-0.637,-0.678,0.044,1.445,1.344,0.06,0.041,0.48,5.86,-0.954,0
2001,5,1.089,0.815,0.75,0.021,0.079,-0.591,-0.627,0.094,1.442,1.341,0.065,0.036,0.5,5.92,-0.958,0
2001,6,1.184,0.849,0.781,0.052,0.099,-0.582,-0.614,0.117,1.463,1.363,0.068,0.032,0.56,5.82,-0.872,0
2001,7,1.19,0.854,0.785,0.073,0.116,-0.553,-0.59,0.132,1.444,1.338,0.069,0.037,0.62,5.92,-0.84,0
2001,8,1.229,0.82,0.772,0.071,0.107,-0.558,-0.596,0.112,1.416,1.33,0.048,0.038,0.61,5.9,-0.932,0
2001,9,1.247,0.856,0.793,0.095,0.129,-0.535,-0.578,0.139,1.434,1.328,0.063,0.043,0.56,5.93,-0.885,0
2001,10,1.406,0.806,0.74,0.047,0.075,-0.589,-0.634,0.086,1.44,1.329,0.066,0.045,0.54,5.95,-1.066,0
2001,11,1.105,0.771,0.698,-0.005,0.033,-0.631,-0.676,0.047,1.447,1.329,0.073,0.045,0.54,6,-0.97,0
2001,12,1.044,0.789,0.723,-0.001,0.041,-0.641,-0.695,0.047,1.484,1.364,0.066,0.054,0.47,6,-1.036,0
2002,1,1.327,0.767,0.663,-0.079,-0.03,-0.723,-0.797,-0.015,1.564,1.386,0.104,0.074,0.45,5.94,-1.403,0
2002,2,1.23,0.771,0.709,0.006,0.045,-0.619,-0.68,0.045,1.451,1.328,0.062,0.061,0.49,5.96,-1.166,0
2002,3,1.254,0.68,0.624,-0.109,-0.074,-0.771,-0.83,-0.075,1.51,1.395,0.056,0.059,0.52,5.86,-1.279,0
2002,4,1.343,0.744,0.68,-0.04,0.003,-0.673,-0.715,0.014,1.459,1.353,0.064,0.042,0.5,5.93,-1.371,0
2002,5,1.18,0.814,0.714,-0.014,0.034,-0.645,-0.698,0.058,1.512,1.359,0.1,0.053,0.42,5.79,-0.948,0
2002,6,1.017,0.794,0.728,0.037,0.079,-0.569,-0.596,0.099,1.39,1.297,0.066,0.027,0.53,5.88,-0.877,0
2002,7,1.059,0.796,0.731,0.05,0.08,-0.571,-0.602,0.097,1.398,1.302,0.065,0.031,0.57,5.94,-0.796,0
2002,8,1.064,0.8,0.732,0.051,0.083,-0.565,-0.605,0.097,1.405,1.297,0.068,0.04,0.47,5.86,-0.872,0
2002,9,1.27,0.859,0.769,0.074,0.104,-0.561,-0.6,0.129,1.459,1.33,0.09,0.039,0.49,5.92,-0.961,0
2002,10,1.382,0.861,0.777,0.07,0.107,-0.562,-0.622,0.119,1.483,1.339,0.084,0.06,0.45,6.19,-1.084,0
2002,11,1.512,0.82,0.709,-0.007,0.029,-0.65,-0.704,0.058,1.524,1.359,0.111,0.054,0.5,5.98,-1.18,0
2002,12,1.184,0.836,0.718,-0.02,0.027,-0.664,-0.745,0.045,1.581,1.382,0.118,0.081,0.54,6.16,-1.233,0
2003,1,1.212,0.718,0.626,-0.098,-0.041,-0.707,-0.792,-0.037,1.51,1.333,0.092,0.085,0.49,5.94,-1.39,0
2003,2,1.18,0.639,0.537,-0.17,-0.122,-0.78,-0.856,-0.109,1.495,1.317,0.102,0.076,0.4,6.01,-1.209,0
2003,3,1.188,0.75,0.681,-0.02,0.024,-0.632,-0.689,0.03,1.439,1.313,0.069,0.057,0.4,5.92,-0.961,0
2003,4,1.185,0.768,0.689,-0.005,0.033,-0.623,-0.667,0.05,1.435,1.312,0.079,0.044,0.5,5.84,-1.088,0
2003,5,1.174,0.809,0.727,0.028,0.073,-0.58,-0.61,0.099,1.419,1.307,0.082,0.03,0.45,5.82,-1.002,0
2003,6,1.261,0.846,0.777,0.087,0.133,-0.51,-0.536,0.155,1.382,1.287,0.069,0.026,0.4,5.8,-0.782,0
2003,7,1.164,0.831,0.768,0.087,0.115,-0.538,-0.564,0.133,1.395,1.306,0.063,0.026,0.42,5.85,-0.726,0
2003,8,1.102,0.856,0.796,0.09,0.119,-0.557,-0.597,0.129,1.453,1.353,0.06,0.04,0.42,5.82,-0.821,0
2003,9,1.381,0.877,0.807,0.108,0.142,-0.523,-0.565,0.156,1.442,1.33,0.07,0.042,0.36,5.88,-0.798,0
2003,10,1.632,0.874,0.777,0.06,0.108,-0.56,-0.62,0.127,1.494,1.337,0.097,0.06,0.38,5.99,-0.946,0
2003,11,1.379,0.803,0.728,0.017,0.066,-0.595,-0.642,0.08,1.445,1.323,0.075,0.047,0.46,5.95,-1.039,0
2003,12,1.36,0.808,0.689,0,0.034,-0.621,-0.72,0.044,1.528,1.31,0.119,0.099,0.39,5.97,-1.226,0
2004,1,1.187,0.654,0.571,-0.06,-0.019,-0.609,-0.673,-0.01,1.327,1.18,0.083,0.064,0.44,6,-1.034,0
2004,2,1.179,0.653,0.577,-0.101,-0.067,-0.711,-0.776,-0.062,1.429,1.288,0.076,0.065,0.47,5.88,-1.086,0
2004,3,1.161,0.674,0.603,-0.062,-0.023,-0.649,-0.706,-0.016,1.38,1.252,0.071,0.057,0.39,5.81,-1.063,0
2004,4,1.086,0.713,0.636,-0.03,-0.003,-0.641,-0.684,0.014,1.397,1.277,0.077,0.043,0.39,5.91,-1.001,0
2004,5,1.187,0.774,0.695,0.004,0.032,-0.63,-0.67,0.052,1.444,1.325,0.079,0.04,0.47,5.82,-1.024,0
2004,6,1.247,0.84,0.758,0.046,0.09,-0.578,-0.608,0.116,1.448,1.336,0.082,0.03,0.42,5.8,-0.854,0
2004,7,1.164,0.842,0.77,0.058,0.099,-0.571,-0.615,0.113,1.457,1.341,0.072,0.044,0.44,5.72,-0.828,0
2004,8,1.168,0.844,0.782,0.063,0.107,-0.568,-0.613,0.115,1.457,1.35,0.062,0.045,0.42,5.8,-0.844,0
2004,9,1.251,0.838,0.766,0.07,0.103,-0.559,-0.599,0.119,1.437,1.325,0.072,0.04,0.5,5.95,-0.854,0
2004,10,1.21,0.891,0.829,0.139,0.175,-0.478,-0.52,0.185,1.411,1.307,0.062,0.042,0.42,6.02,-0.783,0
2004,11,1.164,0.829,0.729,0.049,0.084,-0.56,-0.625,0.102,1.454,1.289,0.1,0.065,0.44,5.9,-0.975,0
2004,12,1.355,0.818,0.709,0.021,0.063,-0.583,-0.648,0.085,1.466,1.292,0.109,0.065,0.39,6.07,-0.921,0
2005,1,1.272,0.802,0.693,0.008,0.059,-0.575,-0.656,0.073,1.458,1.268,0.109,0.081,0.43,5.86,-1.081,0
2005,2,1.378,0.797,0.716,0.017,0.07,-0.575,-0.638,0.079,1.435,1.291,0.081,0.063,0.4,5.93,-1.018,0
2005,3,1.18,0.801,0.727,0.046,0.088,-0.551,-0.625,0.088,1.426,1.278,0.074,0.074,0.4,5.75,-1.387,0
2005,4,1.615,0.906,0.824,0.135,0.185,-0.454,-0.499,0.203,1.405,1.278,0.082,0.045,0.38,5.78,-0.844,0
2005,5,1.374,0.9,0.825,0.123,0.188,-0.448,-0.5,0.2,1.4,1.273,0.075,0.052,0.44,5.71,-0.786,0
2005,6,1.22,0.904,0.826,0.127,0.173,-0.479,-0.505,0.199,1.409,1.305,0.078,0.026,0.46,5.78,-0.746,0
2005,7,1.277,0.856,0.794,0.111,0.152,-0.489,-0.525,0.165,1.381,1.283,0.062,0.036,0.52,5.79,-0.78,0
2005,8,1.328,0.828,0.772,0.106,0.14,-0.491,-0.532,0.148,1.36,1.263,0.056,0.041,0.53,5.76,-0.777,0
2005,9,1.244,0.778,0.728,0.08,0.104,-0.519,-0.568,0.105,1.346,1.247,0.05,0.049,0.45,5.8,-0.856,0
2005,10,1.284,0.852,0.777,0.11,0.145,-0.486,-0.533,0.159,1.385,1.263,0.075,0.047,0.48,5.92,-1.012,0
2005,11,1.117,0.81,0.732,0.066,0.102,-0.528,-0.603,0.103,1.413,1.26,0.078,0.075,0.44,5.84,-0.92,0
2005,12,1.328,0.8,0.696,-0.014,0.045,-0.606,-0.692,0.054,1.492,1.302,0.104,0.086,0.44,5.79,-1.086,0
2006,1,1.475,0.826,0.729,0.018,0.063,-0.602,-0.68,0.073,1.506,1.331,0.097,0.078,0.46,5.9,-1.029,0
2006,2,1.402,0.77,0.66,-0.01,0.036,-0.587,-0.669,0.05,1.439,1.247,0.11,0.082,0.46,5.98,-1.077,0
2006,3,1.175,0.755,0.69,-0.018,0.024,-0.642,-0.689,0.033,1.444,1.332,0.065,0.047,0.38,5.74,-0.988,0
2006,4,1.202,0.794,0.699,0.015,0.054,-0.59,-0.625,0.084,1.419,1.289,0.095,0.035,0.39,5.85,-0.941,0
2006,5,1.199,0.869,0.781,0.096,0.155,-0.471,-0.507,0.181,1.376,1.252,0.088,0.036,0.39,5.73,-0.712,0
2006,6,1.014,0.861,0.782,0.112,0.159,-0.463,-0.491,0.185,1.352,1.245,0.079,0.028,0.48,5.78,-0.644,0
2006,7,1.153,0.846,0.764,0.111,0.138,-0.487,-0.534,0.156,1.38,1.251,0.082,0.047,0.52,5.79,-0.733,0
2006,8,1.16,0.843,0.768,0.109,0.138,-0.491,-0.533,0.155,1.376,1.259,0.075,0.042,0.47,5.78,-0.862,0
2006,9,1.281,0.881,0.802,0.129,0.164,-0.474,-0.522,0.179,1.403,1.276,0.079,0.048,0.45,5.79,-0.915,0
2006,10,1.822,0.943,0.812,0.118,0.166,-0.48,-0.545,0.199,1.488,1.292,0.131,0.065,0.41,6.08,-0.931,0
2006,11,1.193,0.847,0.776,0.079,0.139,-0.498,-0.542,0.152,1.389,1.274,0.071,0.044,0.42,5.71,-1.004,0
2006,12,1.183,0.772,0.689,-0.029,0.024,-0.641,-0.715,0.028,1.487,1.33,0.083,0.074,0.43,5.99,-1.075,0
2007,1,1.041,0.731,0.643,-0.041,0.006,-0.631,-0.704,0.013,1.435,1.274,0.088,0.073,0.35,6.02,-1.244,0
2007,2,1.146,0.662,0.559,-0.134,-0.09,-0.739,-0.817,-0.078,1.479,1.298,0.103,0.078,0.37,5.79,-1.279,0
2007,3,1.35,0.612,0.542,-0.127,-0.089,-0.719,-0.798,-0.093,1.41,1.261,0.07,0.079,0.38,5.83,-1.362,0
2007,4,2.031,0.856,0.742,0.055,0.105,-0.532,-0.597,0.129,1.453,1.274,0.114,0.065,0.44,5.81,-0.911,0
2007,5,1.21,0.748,0.665,-0.01,0.038,-0.588,-0.621,0.063,1.369,1.253,0.083,0.033,0.47,5.82,-0.87,0
2007,6,1.226,0.857,0.786,0.106,0.156,-0.473,-0.518,0.169,1.375,1.259,0.071,0.045,0.41,5.77,-0.711,0
2007,7,1.098,0.83,0.764,0.092,0.131,-0.501,-0.539,0.145,1.369,1.265,0.066,0.038,0.42,5.7,-0.704,0
2007,8,1.142,0.851,0.784,0.091,0.128,-0.527,-0.575,0.138,1.426,1.311,0.067,0.048,0.41,5.68,-0.838,0
2007,9,1.387,0.824,0.753,0.051,0.084,-0.584,-0.637,0.093,1.461,1.337,0.071,0.053,0.35,5.8,-0.903,0
2007,10,1.33,0.864,0.787,0.106,0.14,-0.507,-0.562,0.151,1.426,1.294,0.077,0.055,0.37,5.71,-0.93,0
2007,11,1.197,0.798,0.72,0.02,0.072,-0.575,-0.644,0.077,1.442,1.295,0.078,0.069,0.38,5.95,-1.079,0
2007,12,1.4,0.764,0.648,-0.039,0.005,-0.638,-0.711,0.026,1.475,1.286,0.116,0.073,0.35,6.01,-1.113,0
2008,1,1.06,0.741,0.644,-0.026,0.012,-0.619,-0.7,0.02,1.441,1.263,0.097,0.081,0.51,5.92,-1.111,0
2008,2,1.135,0.747,0.648,-0.028,0.005,-0.638,-0.71,0.018,1.457,1.286,0.099,0.072,0.48,5.98,-1.2,0
2008,3,1.453,0.748,0.65,-0.01,0.025,-0.599,-0.672,0.038,1.42,1.249,0.098,0.073,0.45,5.77,-1.395,0
2008,4,1.161,0.787,0.701,0.023,0.065,-0.57,-0.624,0.081,1.411,1.271,0.086,0.054,0.34,5.81,-1.013,0
2008,5,1.284,0.928,0.83,0.132,0.189,-0.452,-0.499,0.214,1.427,1.282,0.098,0.047,0.37,5.81,-0.837,0
2008,6,1.229,0.889,0.802,0.101,0.149,-0.504,-0.544,0.172,1.433,1.306,0.087,0.04,0.41,5.82,-0.856,0
2008,7,1.237,0.882,0.808,0.102,0.156,-0.496,-0.545,0.168,1.427,1.304,0.074,0.049,0.44,5.87,-0.786,0
2008,8,1.195,0.873,0.801,0.095,0.136,-0.528,-0.58,0.146,1.453,1.329,0.072,0.052,0.41,5.9,-0.842,0
2008,9,1.165,0.853,0.783,0.092,0.128,-0.526,-0.572,0.14,1.425,1.309,0.07,0.046,0.36,5.85,-0.799,0
2008,10,1.276,0.881,0.802,0.114,0.155,-0.492,-0.554,0.163,1.435,1.294,0.079,0.062,0.45,5.94,-0.818,0
2008,11,1.366,0.829,0.761,0.057,0.117,-0.527,-0.578,0.125,1.407,1.288,0.068,0.051,0.44,5.87,-0.941,0
2008,12,1.817,0.734,0.637,-0.04,0.009,-0.618,-0.721,0.006,1.455,1.255,0.097,0.103,0.41,6,-1.16,0
2009,1,1.27,0.728,0.633,-0.06,-0.01,-0.652,-0.724,0.002,1.452,1.285,0.095,0.072,0.48,5.89,-1.173,0
2009,2,1.204,0.767,0.694,-0.005,0.039,-0.616,-0.678,0.044,1.445,1.31,0.073,0.062,0.41,6.05,-1.026,0
2009,3,1.149,0.752,0.699,-0.006,0.045,-0.609,-0.666,0.043,1.418,1.308,0.053,0.057,0.4,5.8,-1.04,0
2009,4,1.162,0.823,0.743,0.041,0.095,-0.553,-0.599,0.112,1.422,1.296,0.08,0.046,0.28,5.7,-0.904,0
2009,5,1.147,0.823,0.754,0.05,0.1,-0.554,-0.599,0.112,1.422,1.308,0.069,0.045,0.41,5.71,-0.841,0
2009,6,1.345,0.939,0.872,0.166,0.218,-0.435,-0.476,0.231,1.415,1.307,0.067,0.041,0.45,5.85,-0.671,0
2009,7,1.284,0.916,0.859,0.174,0.223,-0.412,-0.458,0.229,1.374,1.271,0.057,0.046,0.47,5.84,-0.812,0
2009,8,1.301,0.864,0.805,0.123,0.166,-0.472,-0.512,0.176,1.376,1.277,0.059,0.04,0.41,5.8,-0.799,0
2009,9,1.236,0.858,0.808,0.127,0.171,-0.466,-0.508,0.175,1.366,1.274,0.05,0.042,0.45,5.79,-0.843,0
2009,10,1.365,0.934,0.853,0.157,0.208,-0.436,-0.499,0.217,1.433,1.289,0.081,0.063,0.42,5.83,-0.881,0
2009,11,1.295,0.879,0.806,0.113,0.165,-0.476,-0.529,0.175,1.408,1.282,0.073,0.053,0.44,5.77,-0.751,0
2009,12,1.631,0.857,0.749,0.032,0.088,-0.573,-0.652,0.102,1.509,1.322,0.108,0.079,0.47,5.74,-1.156,0
2010,1,1.332,0.885,0.793,0.046,0.115,-0.563,-0.644,0.12,1.529,1.356,0.092,0.081,0.35,5.86,-1.442,0
2010,2,1.51,0.881,0.804,0.113,0.158,-0.488,-0.551,0.165,1.432,1.292,0.077,0.063,0.43,5.85,-1.011,0
2010,3,1.555,0.976,0.903,0.176,0.245,-0.413,-0.466,0.255,1.442,1.316,0.073,0.053,0.37,5.75,-0.775,0
2010,4,1.481,0.919,0.847,0.136,0.189,-0.469,-0.504,0.207,1.423,1.316,0.072,0.035,0.41,5.77,-0.78,0
2010,5,1.153,0.873,0.794,0.097,0.137,-0.519,-0.559,0.157,1.432,1.313,0.079,0.04,0.42,5.77,-0.772,0
2010,6,1.146,0.915,0.848,0.165,0.201,-0.446,-0.49,0.212,1.405,1.294,0.067,0.044,0.47,5.65,-0.68,0
2010,7,1.227,0.892,0.825,0.132,0.171,-0.482,-0.534,0.179,1.426,1.307,0.067,0.052,0.48,5.75,-0.746,0
2010,8,1.343,0.916,0.85,0.156,0.193,-0.464,-0.511,0.202,1.427,1.314,0.066,0.047,0.42,5.69,-0.78,0
2010,9,1.391,0.936,0.855,0.16,0.2,-0.454,-0.524,0.206,1.46,1.309,0.081,0.07,,,-0.757,0
2010,10,1.436,0.934,0.859,0.134,0.192,-0.475,-0.526,0.204,1.46,1.334,0.075,0.051,0.33,5.8,-0.907,0
2010,11,1.467,0.93,0.84,0.111,0.178,-0.484,-0.536,0.197,1.466,1.324,0.09,0.052,0.33,5.82,-0.859,0
2010,12,1.259,0.931,0.83,0.094,0.162,-0.505,-0.58,0.175,1.511,1.335,0.101,0.075,0.36,5.87,-0.921,0
2011,1,1.309,0.826,0.747,0.012,0.072,-0.602,-0.666,0.08,1.492,1.349,0.079,0.064,0.47,6.04,-1.001,0
2011,2,1.27,0.81,0.709,-0.002,0.041,-0.626,-0.707,0.051,1.517,1.335,0.101,0.081,,,-1.186,0
2011,3,1.303,0.835,0.746,0.029,0.083,-0.58,-0.649,0.093,1.484,1.326,0.089,0.069,0.45,5.86,-1.049,0
2011,4,1.455,0.871,0.791,0.08,0.132,-0.526,-0.592,0.139,1.463,1.317,0.08,0.066,0.45,5.8,-0.96,0
2011,5,1.369,0.941,0.861,0.144,0.204,-0.452,-0.49,0.225,1.431,1.313,0.08,0.038,0.4,5.77,-0.774,0
2011,6,1.317,0.955,0.891,0.18,0.231,-0.429,-0.47,0.242,1.425,1.32,0.064,0.041,0.47,5.75,-0.705,0
2011,7,1.271,0.942,0.888,0.174,0.218,-0.451,-0.489,0.226,1.431,1.339,0.054,0.038,0.42,5.65,-0.69,0
2011,8,1.789,1.021,0.942,0.204,0.253,-0.436,-0.5,0.26,1.521,1.378,0.079,0.064,0.38,5.7,-1.031,0
2011,9,1.509,0.987,0.914,0.165,0.226,-0.462,-0.525,0.231,1.512,1.376,0.073,0.063,0.39,5.69,-0.752,0
2011,10,1.435,0.991,0.921,0.168,0.225,-0.47,-0.532,0.229,1.523,1.391,0.07,0.062,0.39,5.84,-0.947,0
2011,11,1.43,0.888,0.799,0.073,0.132,-0.534,-0.585,0.151,1.473,1.333,0.089,0.051,0.38,5.8,-0.898,0
2011,12,1.498,0.832,0.756,0.036,0.093,-0.569,-0.623,0.104,1.455,1.325,0.076,0.054,0.4,5.78,-1.026,0
2012,1,1.5,0.78,0.69,-0.01,0.024,-0.642,-0.719,0.03,1.499,1.332,0.09,0.077,0.47,5.89,-1.075,0
2012,2,1.06,0.766,0.703,-0.018,0.021,-0.661,-0.722,0.022,1.488,1.364,0.063,0.061,0.44,5.73,-1.184,0
2012,3,1.121,0.783,0.703,0.018,0.052,-0.598,-0.676,0.053,1.459,1.301,0.08,0.078,,,-1.152,0
2012,4,1.377,0.909,0.831,0.099,0.149,-0.533,-0.567,0.171,1.476,1.364,0.078,0.034,0.31,5.65,-0.867,0
2012,5,1.329,0.892,0.821,0.079,0.137,-0.547,-0.578,0.157,1.47,1.368,0.071,0.031,0.37,5.72,-0.882,0
2012,6,1.516,0.99,0.919,0.175,0.238,-0.442,-0.484,0.253,1.474,1.361,0.071,0.042,0.33,5.79,-0.648,0
2012,7,1.308,0.957,0.889,0.135,0.195,-0.498,-0.543,0.207,1.5,1.387,0.068,0.045,0.41,5.72,-0.752,0
2012,8,1.274,0.932,0.878,0.147,0.186,-0.506,-0.551,0.19,1.483,1.384,0.054,0.045,0.46,5.85,-0.75,0
2012,9,1.293,0.884,0.833,0.108,0.144,-0.544,-0.592,0.146,1.476,1.377,0.051,0.048,0.42,5.78,-0.81,0
2012,10,2.116,0.967,0.892,0.165,0.208,-0.476,-0.527,0.22,1.494,1.368,0.075,0.051,0.31,5.89,-0.957,0
2012,11,1.314,0.852,0.791,0.07,0.125,-0.541,-0.579,0.136,1.431,1.332,0.061,0.038,0.38,5.83,-1.009,0
2012,12,1.48,0.903,0.815,0.097,0.143,-0.528,-0.594,0.154,1.497,1.343,0.088,0.066,0.37,5.86,-1.029,0
2013,1,1.304,0.766,0.681,-0.031,0.001,-0.679,-0.759,0.003,1.525,1.36,0.085,0.08,,,-1.093,0
2013,2,1.278,0.771,0.698,-0.029,0.033,-0.631,-0.717,0.027,1.488,1.329,0.073,0.086,0.4,5.95,-1.013,0
2013,3,1.443,0.921,0.82,0.117,0.165,-0.489,-0.551,0.185,1.472,1.309,0.101,0.062,,,-0.828,0
2013,4,1.26,0.837,0.757,0.023,0.081,-0.595,-0.646,0.095,1.483,1.352,0.08,0.051,0.26,5.66,-0.908,0
2013,5,1.124,0.832,0.777,0.042,0.096,-0.584,-0.618,0.107,1.45,1.361,0.055,0.034,0.41,5.73,-0.981,0
2013,6,1.324,0.925,0.867,0.133,0.192,-0.482,-0.529,0.198,1.454,1.349,0.058,0.047,0.4,5.7,-0.792,0
2013,7,1.38,0.919,0.872,0.155,0.199,-0.474,-0.511,0.204,1.43,1.346,0.047,0.037,0.41,5.75,-0.758,0
2013,9,1.241,0.897,0.848,0.134,0.174,-0.5,-0.534,0.181,1.431,1.348,0.049,0.034,0.39,5.81,-0.843,0
2013,10,1.319,0.903,0.856,0.134,0.169,-0.517,-0.56,0.171,1.463,1.373,0.047,0.043,0.35,5.85,-0.798,0
2013,11,1.288,0.839,0.747,-0.003,0.054,-0.638,-0.704,0.067,1.543,1.385,0.092,0.066,0.34,6.04,-0.914,0
2013,12,1.28,0.799,0.719,-0.023,0.02,-0.678,-0.733,0.033,1.532,1.397,0.08,0.055,0.31,5.85,-1.016,0
2014,1,1.278,0.764,0.685,-0.059,-0.016,-0.716,-0.785,-0.011,1.549,1.401,0.079,0.069,0.34,5.85,-1.253,0
2014,2,1.152,0.742,0.657,-0.084,-0.035,-0.726,-0.808,-0.033,1.55,1.383,0.085,0.082,0.38,5.78,-1.122,0
2014,3,1.191,0.798,0.73,-0.039,0.018,-0.694,-0.748,0.025,1.546,1.424,0.068,0.054,0.4,5.81,-1.079,0
2014,4,1.263,0.874,0.79,0.057,0.106,-0.577,-0.628,0.123,1.502,1.367,0.084,0.051,0.4,5.74,-1.103,0
2014,5,1.182,0.895,0.824,0.093,0.141,-0.542,-0.586,0.154,1.481,1.366,0.071,0.044,0.41,5.7,-0.821,0
2014,6,1.237,0.905,0.835,0.113,0.158,-0.519,-0.545,0.18,1.45,1.354,0.07,0.026,0.39,5.7,-0.762,0
2014,7,1.251,0.904,0.834,0.122,0.158,-0.517,-0.557,0.173,1.461,1.351,0.07,0.04,0.4,5.75,-0.818,0
2014,8,1.454,0.932,0.863,0.134,0.175,-0.513,-0.551,0.19,1.483,1.376,0.069,0.038,0.39,5.71,-0.815,0
2014,9,1.36,0.911,0.849,0.112,0.154,-0.541,-0.591,0.16,1.502,1.39,0.062,0.05,0.36,5.78,-0.838,0
2014,10,1.321,0.975,0.903,0.165,0.207,-0.488,-0.535,0.22,1.51,1.391,0.072,0.047,0.32,5.84,-0.892,0
2014,11,1.5,0.884,0.8,0.046,0.099,-0.601,-0.669,0.107,1.553,1.401,0.084,0.068,0.29,5.9,-0.957,0
2014,12,1.22,0.869,0.804,0.053,0.109,-0.586,-0.65,0.109,1.519,1.39,0.065,0.064,0.39,5.71,-1.065,0
2015,1,1.167,0.735,0.652,-0.087,-0.04,-0.732,-0.808,-0.037,1.543,1.384,0.083,0.076,0.33,5.88,-1.132,0
2015,2,1.345,0.758,0.666,-0.076,-0.02,-0.705,-0.771,-0.007,1.529,1.371,0.092,0.066,0.38,5.77,-1.387,0
2015,3,1.254,0.684,0.603,-0.113,-0.068,-0.738,-0.811,-0.064,1.495,1.341,0.081,0.073,0.38,5.86,-1.208,0
2015,4,1.404,0.786,0.713,-0.004,0.032,-0.649,-0.695,0.045,1.481,1.362,0.073,0.046,0.42,5.73,-1.008,0
2015,5,1.125,0.754,0.688,-0.022,0.013,-0.661,-0.692,0.031,1.446,1.349,0.066,0.031,0.44,5.75,-0.92,0
2015,6,1.098,0.887,0.818,0.072,0.125,-0.568,-0.613,0.137,1.5,1.386,0.069,0.045,0.35,5.77,-0.774,0
2015,7,1.147,0.94,0.883,0.145,0.192,-0.499,-0.533,0.203,1.473,1.382,0.057,0.034,0.38,5.79,-0.763,0
2015,8,1.218,0.921,0.881,0.125,0.169,-0.542,-0.577,0.172,1.498,1.423,0.04,0.035,0.36,5.8,-0.858,0
2015,9,1.586,0.924,0.875,0.117,0.16,-0.554,-0.609,0.157,1.533,1.429,0.049,0.055,0.34,5.71,-0.981,0
2015,10,1.418,0.931,0.865,0.114,0.162,-0.54,-0.593,0.169,1.524,1.405,0.066,0.053,0.29,5.8,-1.052,0
2015,11,1.19,0.834,0.77,0.029,0.075,-0.619,-0.672,0.081,1.506,1.389,0.064,0.053,0.4,5.78,-1.059,0
2015,12,1.178,0.832,0.766,0.043,0.079,-0.608,-0.667,0.082,1.499,1.374,0.066,0.059,0.38,5.94,-0.982,0
2016,1,1.357,0.823,0.753,0.044,0.089,-0.574,-0.656,0.083,1.479,1.327,0.07,0.082,0.38,5.98,-1.291,0
2016,2,1.581,0.826,0.752,0.027,0.069,-0.613,-0.691,0.067,1.517,1.365,0.074,0.078,0.4,5.98,-1.126,0
2016,3,1.233,0.852,0.784,0.059,0.107,-0.569,-0.62,0.116,1.472,1.353,0.068,0.051,0.37,5.88,-0.943,0
2016,4,1.557,0.922,0.849,0.107,0.162,-0.524,-0.572,0.175,1.494,1.373,0.073,0.048,0.31,5.78,-1.265,0
2016,5,1.415,0.9,0.847,0.097,0.155,-0.537,-0.571,0.164,1.471,1.384,0.053,0.034,0.36,5.74,-0.772,0
2016,6,1.495,0.966,0.902,0.147,0.199,-0.504,-0.547,0.209,1.513,1.406,0.064,0.043,0.37,5.83,-0.754,0
2016,7,1.143,0.97,0.907,0.156,0.199,-0.509,-0.547,0.211,1.517,1.416,0.063,0.038,0.44,5.81,-0.808,0
2016,8,1.237,0.928,0.877,0.134,0.173,-0.531,-0.573,0.177,1.501,1.408,0.051,0.042,0.43,5.8,-0.797,0
2016,9,1.241,0.942,0.891,0.146,0.194,-0.503,-0.54,0.201,1.482,1.394,0.051,0.037,0.38,5.88,-0.86,0
2016,10,1.437,0.929,0.855,0.119,0.165,-0.524,-0.582,0.173,1.511,1.379,0.074,0.058,0.4,5.92,-0.845,0
2016,11,1.356,0.879,0.811,0.074,0.128,-0.555,-0.604,0.137,1.483,1.366,0.068,0.049,0.42,5.79,-1.035,0
2016,12,1.337,0.846,0.756,0.005,0.059,-0.637,-0.739,0.053,1.585,1.393,0.09,0.102,0.39,6.05,-1.528,0
2017,1,1.285,0.859,0.77,0.024,0.078,-0.614,-0.676,0.091,1.535,1.384,0.089,0.062,0.32,5.84,-1.133,0
2017,2,1.19,0.818,0.76,0.02,0.068,-0.624,-0.698,0.06,1.516,1.384,0.058,0.074,0.4,6.02,-1.218,0
2017,3,1.232,0.726,0.67,-0.084,-0.034,-0.737,-0.823,-0.049,1.549,1.407,0.056,0.086,0.31,5.85,-1.284,0
2017,4,1.287,0.922,0.859,0.114,0.165,-0.529,-0.575,0.173,1.497,1.388,0.063,0.046,0.38,5.75,-0.909,0
2017,5,1.458,0.997,0.928,0.177,0.229,-0.469,-0.513,0.242,1.51,1.397,0.069,0.044,0.38,5.73,-0.735,0
2017,6,1.438,0.973,0.913,0.175,0.224,-0.465,-0.502,0.235,1.475,1.378,0.06,0.037,0.42,5.77,-0.917,0
2017,7,1.341,0.956,0.9,0.175,0.217,-0.466,-0.504,0.226,1.46,1.366,0.056,0.038,0.47,5.86,-0.729,0
2017,8,1.213,0.919,0.865,0.157,0.193,-0.479,-0.519,0.2,1.438,1.344,0.054,0.04,0.45,5.81,-0.751,0
2017,9,1.158,0.924,0.873,0.158,0.2,-0.473,-0.525,0.199,1.449,1.346,0.051,0.052,0.41,5.89,-0.771,0
2017,10,1.43,0.934,0.854,0.149,0.18,-0.493,-0.545,0.194,1.479,1.347,0.08,0.052,0.4,5.79,-0.81,0
2017,11,1.477,0.915,0.829,0.09,0.141,-0.547,-0.617,0.149,1.532,1.376,0.086,0.07,0.38,5.88,-1.056,0
2017,12,1.395,0.831,0.746,-0.006,0.039,-0.667,-0.756,0.037,1.587,1.413,0.085,0.089,0.37,5.89,-1.253,0
2018,1,1.386,0.775,0.686,-0.078,-0.029,-0.743,-0.807,-0.016,1.582,1.429,0.089,0.064,0.45,5.82,-1.415,0
2018,2,1.076,0.69,0.629,-0.077,-0.043,-0.714,-0.782,-0.046,1.472,1.343,0.061,0.068,0.4,5.77,-1.21,0
2018,3,1.673,0.974,0.911,0.157,0.226,-0.458,-0.511,0.231,1.485,1.369,0.063,0.053,0.41,5.94,-0.877,0
2018,4,1.339,0.846,0.781,0.057,0.108,-0.564,-0.616,0.115,1.462,1.345,0.065,0.052,0.38,5.76,-0.87,0
2018,5,1.158,0.892,0.812,0.083,0.134,-0.543,-0.578,0.157,1.47,1.355,0.08,0.035,0.43,5.68,-0.763,0
2018,6,1.273,0.962,0.88,0.166,0.212,-0.455,-0.492,0.235,1.454,1.335,0.082,0.037,0.41,5.71,-0.851,0
2018,7,1.268,0.901,0.835,0.132,0.17,-0.495,-0.531,0.185,1.432,1.33,0.066,0.036,0.48,5.8,-0.777,0
2018,8,1.339,0.947,0.885,0.167,0.206,-0.472,-0.512,0.217,1.459,1.357,0.062,0.04,0.44,5.73,-0.776,0
2018,9,1.439,0.969,0.906,0.179,0.228,-0.45,-0.497,0.236,1.466,1.356,0.063,0.047,0.39,5.77,-0.773,0
2018,12,1.447,0.901,0.81,0.093,0.135,-0.539,-0.603,0.149,1.504,1.349,0.091,0.064,0.41,5.84,-0.97,0
2019,1,1.423,0.881,0.777,0.071,0.108,-0.561,-0.652,0.114,1.533,1.338,0.104,0.091,0.44,5.96,-1.403,0
2019,2,1.229,0.808,0.716,-0.025,0.026,-0.663,-0.743,0.032,1.551,1.379,0.092,0.08,0.42,5.97,-1.149,0
2019,3,1.402,0.792,0.729,0.043,0.084,-0.56,-0.61,0.091,1.402,1.289,0.063,0.05,0.46,5.85,-1.044,0
2019,4,1.424,0.847,0.772,0.081,0.112,-0.547,-0.595,0.126,1.442,1.319,0.075,0.048,0.42,5.78,-1.004,0
2019,5,1.315,0.945,0.859,0.159,0.2,-0.458,-0.49,0.227,1.435,1.317,0.086,0.032,0.49,5.86,-0.674,0
2019,6,1.179,0.956,0.88,0.181,0.214,-0.451,-0.49,0.233,1.446,1.331,0.076,0.039,0.45,5.78,-0.684,0
2019,7,1.267,0.971,0.904,0.182,0.229,-0.446,-0.489,0.241,1.46,1.35,0.067,0.043,0.45,5.79,-0.686,0
2019,8,1.296,0.966,0.919,0.183,0.225,-0.469,-0.516,0.225,1.482,1.388,0.047,0.047,0.46,5.86,-0.882,0
2019,9,1.346,0.953,0.902,0.167,0.21,-0.481,-0.537,0.208,1.49,1.383,0.051,0.056,0.44,5.84,-0.864,0
2019,10,1.418,1.015,0.952,0.212,0.274,-0.404,-0.459,0.278,1.474,1.356,0.063,0.055,0.41,5.9,-0.818,0
2019,11,1.276,0.924,0.861,0.133,0.184,-0.492,-0.548,0.188,1.472,1.353,0.063,0.056,0.41,5.94,-0.95,0
2019,12,1.248,0.854,0.778,0.087,0.133,-0.511,-0.586,0.134,1.44,1.289,0.076,0.075,0.45,5.88,-1.018,0
2020,1,1.238,0.859,0.777,0.079,0.113,-0.551,-0.601,0.129,1.46,1.328,0.082,0.05,0.43,5.91,-1.149,0
2020,2,1.23,0.821,0.754,0.046,0.082,-0.589,-0.673,0.074,1.494,1.343,0.067,0.084,0.35,5.99,-1.21,0
2020,3,1.276,0.867,0.795,0.094,0.139,-0.516,-0.571,0.148,1.438,1.311,0.072,0.055,0.41,5.81,-0.925,0
2020,4,1.458,0.943,0.879,0.168,0.228,-0.422,-0.485,0.229,1.428,1.301,0.064,0.063,0.37,5.95,-0.74,0
2020,5,1.51,0.866,0.792,0.072,0.127,-0.538,-0.578,0.144,1.444,1.33,0.074,0.04,0.36,5.86,-0.957,0
2020,6,1.297,0.956,0.886,0.155,0.21,-0.466,-0.5,0.228,1.456,1.352,0.07,0.034,0.42,5.72,-0.784,0
2020,7,1.283,0.983,0.913,0.192,0.241,-0.431,-0.468,0.257,1.451,1.344,0.07,0.037,0.45,5.8,-0.631,0
2020,8,1.185,0.945,0.882,0.165,0.207,-0.467,-0.516,0.214,1.461,1.349,0.063,0.049,0.44,5.78,-0.749,0
2020,9,1.457,0.917,0.856,0.15,0.185,-0.485,-0.538,0.189,1.455,1.341,0.061,0.053,0.44,5.89,-0.837,0
2020,10,1.332,0.899,0.824,0.125,0.162,-0.5,-0.559,0.17,1.458,1.324,0.075,0.059,0.43,5.86,-0.96,0
2020,11,1.446,0.842,0.769,0.069,0.104,-0.56,-0.609,0.116,1.451,1.329,0.073,0.049,0.45,5.9,-1.038,0
2020,12,1.29,0.891,0.801,0.101,0.152,-0.496,-0.564,0.163,1.455,1.297,0.09,0.068,0.45,5.85,-0.997,0
2021,1,1.629,0.933,0.839,0.112,0.174,-0.49,-0.563,0.185,1.496,1.329,0.094,0.073,0.36,5.67,-0.863,0
2021,2,1.395,0.836,0.765,0.076,0.119,-0.527,-0.584,0.126,1.42,1.292,0.071,0.057,0.43,5.8,-0.911,0
2021,3,1.362,0.756,0.67,-0.024,0.002,-0.666,-0.72,0.018,1.476,1.336,0.086,0.054,0.33,5.82,-1.468,0
2021,4,1.32,0.887,0.815,0.108,0.15,-0.515,-0.557,0.165,1.444,1.33,0.072,0.042,0.36,5.81,-0.932,0
2021,5,1.219,0.833,0.765,0.06,0.106,-0.552,-0.586,0.123,1.419,1.317,0.068,0.034,0.33,5.83,-0.976,0
2021,6,1.271,0.898,0.82,0.119,0.161,-0.498,-0.53,0.184,1.428,1.318,0.078,0.032,0.41,5.77,-0.858,0
